-- Adminer 4.2.4 MySQL dump

SET NAMES utf8;
SET time_zone = '+00:00';
SET foreign_key_checks = 0;
SET sql_mode = 'NO_AUTO_VALUE_ON_ZERO';

DROP TABLE IF EXISTS `duo_category`;
CREATE TABLE `duo_category` (
  `id` int(10) unsigned NOT NULL AUTO_INCREMENT,
  `parent_id` int(10) unsigned DEFAULT NULL,
  `order` tinyint(4) NOT NULL,
  `deletable` tinyint(1) unsigned NOT NULL DEFAULT '1',
  PRIMARY KEY (`id`),
  KEY `FK_duo_category_duo_category` (`parent_id`),
  CONSTRAINT `FK_duo_category_duo_category` FOREIGN KEY (`parent_id`) REFERENCES `duo_category` (`id`) ON DELETE CASCADE ON UPDATE CASCADE
) ENGINE=InnoDB DEFAULT CHARSET=utf8 COLLATE=utf8_unicode_ci;

INSERT INTO `duo_category` (`id`, `parent_id`, `order`, `deletable`) VALUES
(1,	NULL,	0,	0),
(2,	NULL,	0,	0),
(4,	2,	0,	0),
(6,	4,	0,	1),
(7,	4,	0,	1),
(8,	2,	0,	0),
(33,	8,	0,	1),
(34,	8,	0,	1),
(35,	2,	0,	1),
(37,	35,	0,	1),
(38,	2,	0,	1),
(39,	2,	0,	1);

DROP TABLE IF EXISTS `duo_category_translation`;
CREATE TABLE `duo_category_translation` (
  `id` int(10) unsigned NOT NULL AUTO_INCREMENT,
  `category_id` int(10) unsigned NOT NULL,
  `lang` varchar(2) COLLATE utf8_unicode_ci NOT NULL,
  `name` varchar(255) COLLATE utf8_unicode_ci NOT NULL,
  `desc` text COLLATE utf8_unicode_ci NOT NULL,
  PRIMARY KEY (`id`),
  KEY `category_id` (`category_id`),
  CONSTRAINT `duo_category_translation_ibfk_1` FOREIGN KEY (`category_id`) REFERENCES `duo_category` (`id`) ON DELETE CASCADE ON UPDATE CASCADE
) ENGINE=InnoDB DEFAULT CHARSET=utf8 COLLATE=utf8_unicode_ci;

INSERT INTO `duo_category_translation` (`id`, `category_id`, `lang`, `name`, `desc`) VALUES
(1,	1,	'en',	'Administracyjne',	''),
(2,	2,	'en',	'Dla użytkownika',	''),
(4,	4,	'en',	'Galerie',	''),
(6,	6,	'en',	'Galerie',	''),
(7,	7,	'en',	'Wizerunek',	''),
(36,	35,	'se',	'Tekniska råd',	''),
(37,	35,	'en',	'Technical tips',	''),
(40,	39,	'en',	'Products',	''),
(41,	39,	'se',	'Produkter',	''),
(42,	39,	'it',	'Prodotti',	''),
(43,	35,	'it',	'Consigli tecnici',	'');

DROP TABLE IF EXISTS `duo_gallery`;
CREATE TABLE `duo_gallery` (
  `id` int(10) unsigned NOT NULL AUTO_INCREMENT,
  `category_id` int(10) unsigned DEFAULT NULL,
  `wizerunek` tinyint(1) unsigned NOT NULL DEFAULT '0',
  `name` varchar(255) COLLATE utf8_unicode_ci NOT NULL,
  `deletable` tinyint(1) unsigned NOT NULL DEFAULT '1',
  `homepage` tinyint(1) unsigned NOT NULL DEFAULT '0',
  `created_at` timestamp NOT NULL DEFAULT CURRENT_TIMESTAMP,
  `published` tinyint(1) unsigned NOT NULL DEFAULT '0',
  PRIMARY KEY (`id`),
  KEY `FK_duo_gallery_duo_category` (`category_id`),
  CONSTRAINT `FK_duo_gallery_duo_category` FOREIGN KEY (`category_id`) REFERENCES `duo_category` (`id`) ON DELETE SET NULL ON UPDATE CASCADE
) ENGINE=InnoDB DEFAULT CHARSET=utf8 COLLATE=utf8_unicode_ci;

INSERT INTO `duo_gallery` (`id`, `category_id`, `wizerunek`, `name`, `deletable`, `homepage`, `created_at`, `published`) VALUES
(1,	NULL,	0,	'Flair Eko',	1,	0,	'2016-03-07 08:08:28',	0),
(2,	NULL,	0,	'Flair Super Matt',	1,	0,	'2016-03-07 09:05:05',	0),
(3,	4,	0,	'Flair Vernissage',	1,	0,	'2016-03-07 09:08:25',	0),
(4,	NULL,	0,	'',	1,	0,	'2016-03-10 13:40:54',	0),
(5,	8,	0,	'',	1,	0,	'2016-04-22 10:51:07',	0),
(6,	NULL,	0,	'',	1,	0,	'2017-04-05 13:49:07',	0),
(7,	NULL,	0,	'Flair PRIMER ',	1,	0,	'2017-04-10 13:33:16',	0),
(8,	NULL,	0,	'',	1,	0,	'2017-04-10 20:15:49',	0),
(9,	NULL,	0,	'',	1,	0,	'2017-04-10 20:37:31',	0),
(10,	NULL,	0,	'',	1,	0,	'2017-04-10 20:44:57',	0),
(11,	NULL,	0,	'',	1,	0,	'2017-04-10 20:59:19',	0),
(12,	NULL,	0,	'FOVEO TECH  PA 10  PITTURA DI FONDO',	1,	0,	'2017-04-11 07:23:41',	0),
(13,	NULL,	0,	'',	1,	0,	'2017-04-11 07:29:34',	0);

DROP TABLE IF EXISTS `duo_menu_items`;
CREATE TABLE `duo_menu_items` (
  `id` int(10) unsigned NOT NULL AUTO_INCREMENT,
  `parent_id` int(10) unsigned DEFAULT NULL,
  `type_id` int(10) unsigned NOT NULL,
  `order` int(11) NOT NULL,
  `alias` varchar(255) COLLATE utf8_unicode_ci DEFAULT NULL,
  `name` varchar(255) COLLATE utf8_unicode_ci NOT NULL,
  `visible` tinyint(1) unsigned NOT NULL DEFAULT '1',
  `deletable` tinyint(1) unsigned NOT NULL DEFAULT '1',
  `name_se` varchar(255) COLLATE utf8_unicode_ci DEFAULT NULL,
  PRIMARY KEY (`id`),
  UNIQUE KEY `alias` (`alias`),
  KEY `FK_duo_menu_items_duo_menu_items` (`parent_id`),
  KEY `FK_duo_menu_items_duo_menu_items_types` (`type_id`),
  CONSTRAINT `FK_duo_menu_items_duo_menu_items` FOREIGN KEY (`parent_id`) REFERENCES `duo_menu_items` (`id`) ON DELETE CASCADE ON UPDATE CASCADE,
  CONSTRAINT `FK_duo_menu_items_duo_menu_items_types` FOREIGN KEY (`type_id`) REFERENCES `duo_menu_item_types` (`id`) ON DELETE CASCADE ON UPDATE CASCADE
) ENGINE=InnoDB DEFAULT CHARSET=utf8 COLLATE=utf8_unicode_ci;

INSERT INTO `duo_menu_items` (`id`, `parent_id`, `type_id`, `order`, `alias`, `name`, `visible`, `deletable`, `name_se`) VALUES
(2,	NULL,	8,	4,	'kontakt',	'Contact',	1,	0,	'Kontakt'),
(11,	NULL,	4,	3,	'technical-tips',	'Technical tips',	1,	1,	'Tekniska råd'),
(12,	NULL,	9,	2,	'products',	'Products',	1,	1,	'Produkter'),
(13,	NULL,	6,	1,	'brand',	'Brand',	1,	1,	'Märke');

DROP TABLE IF EXISTS `duo_menu_item_types`;
CREATE TABLE `duo_menu_item_types` (
  `id` int(10) unsigned NOT NULL AUTO_INCREMENT,
  `name` varchar(255) COLLATE utf8_unicode_ci NOT NULL,
  `visible` tinyint(1) unsigned NOT NULL DEFAULT '1',
  `view` varchar(50) COLLATE utf8_unicode_ci DEFAULT NULL,
  `route_key` varchar(50) COLLATE utf8_unicode_ci DEFAULT NULL,
  PRIMARY KEY (`id`)
) ENGINE=InnoDB DEFAULT CHARSET=utf8 COLLATE=utf8_unicode_ci;

INSERT INTO `duo_menu_item_types` (`id`, `name`, `visible`, `view`, `route_key`) VALUES
(1,	'Strona główna',	0,	NULL,	'home'),
(2,	'Tekst',	1,	NULL,	'text'),
(3,	'Odnośnik',	1,	'href',	'href'),
(4,	'Wpisy',	1,	'news',	'news'),
(6,	'Strona',	1,	'page',	'page'),
(7,	'Lista galerii',	1,	'galleries',	'galleries'),
(8,	'Kontakt',	0,	NULL,	'kontakt'),
(9,	'Produkty',	1,	'products',	'products'),
(10,	'Promocje',	0,	'promocje',	'promocje');

DROP TABLE IF EXISTS `duo_menu_item_type_fields`;
CREATE TABLE `duo_menu_item_type_fields` (
  `item_id` int(10) unsigned NOT NULL,
  `type_id` int(10) unsigned NOT NULL,
  `fieldname` varchar(50) COLLATE utf8_unicode_ci NOT NULL,
  `value` varchar(500) COLLATE utf8_unicode_ci NOT NULL,
  PRIMARY KEY (`item_id`,`type_id`,`fieldname`),
  KEY `FK_duo_menu_item_type_fields_duo_menu_item_types` (`type_id`),
  CONSTRAINT `FK_duo_menu_item_type_fields_duo_menu_items` FOREIGN KEY (`item_id`) REFERENCES `duo_menu_items` (`id`) ON DELETE CASCADE ON UPDATE CASCADE,
  CONSTRAINT `FK_duo_menu_item_type_fields_duo_menu_item_types` FOREIGN KEY (`type_id`) REFERENCES `duo_menu_item_types` (`id`) ON DELETE CASCADE ON UPDATE CASCADE
) ENGINE=InnoDB DEFAULT CHARSET=utf8 COLLATE=utf8_unicode_ci;

INSERT INTO `duo_menu_item_type_fields` (`item_id`, `type_id`, `fieldname`, `value`) VALUES
(2,	3,	'external',	'0'),
(2,	3,	'href',	'localhost'),
(11,	4,	'category_id',	'37'),
(12,	9,	'category_id',	'34'),
(13,	6,	'page_id',	'15');

DROP TABLE IF EXISTS `duo_news`;
CREATE TABLE `duo_news` (
  `id` int(11) NOT NULL AUTO_INCREMENT,
  `category_id` int(10) unsigned DEFAULT NULL,
  `date_start` timestamp NULL DEFAULT NULL,
  `name` varchar(255) COLLATE utf8_unicode_ci NOT NULL,
  `short_desc` varchar(500) COLLATE utf8_unicode_ci NOT NULL,
  `desc` text COLLATE utf8_unicode_ci NOT NULL,
  `image` varchar(150) COLLATE utf8_unicode_ci DEFAULT NULL,
  `name_se` varchar(255) COLLATE utf8_unicode_ci DEFAULT NULL,
  `short_desc_se` varchar(500) COLLATE utf8_unicode_ci DEFAULT NULL,
  `desc_se` text COLLATE utf8_unicode_ci,
  PRIMARY KEY (`id`),
  KEY `FK_duo_news_duo_category` (`category_id`),
  CONSTRAINT `FK_duo_news_duo_category` FOREIGN KEY (`category_id`) REFERENCES `duo_category` (`id`) ON DELETE SET NULL ON UPDATE CASCADE
) ENGINE=InnoDB DEFAULT CHARSET=utf8 COLLATE=utf8_unicode_ci;


DROP TABLE IF EXISTS `duo_page`;
CREATE TABLE `duo_page` (
  `id` int(10) unsigned NOT NULL AUTO_INCREMENT,
  `deletable` tinyint(1) unsigned NOT NULL DEFAULT '1',
  `order` tinyint(4) NOT NULL,
  `image` varchar(100) COLLATE utf8_unicode_ci DEFAULT NULL,
  `allow_img_upload` tinyint(1) unsigned NOT NULL DEFAULT '0',
  `link` varchar(255) COLLATE utf8_unicode_ci DEFAULT NULL,
  PRIMARY KEY (`id`)
) ENGINE=InnoDB DEFAULT CHARSET=utf8 COLLATE=utf8_unicode_ci;

INSERT INTO `duo_page` (`id`, `deletable`, `order`, `image`, `allow_img_upload`, `link`) VALUES
(9,	0,	0,	NULL,	0,	NULL),
(15,	1,	0,	NULL,	0,	NULL),
(17,	1,	0,	NULL,	0,	NULL);

DROP TABLE IF EXISTS `duo_page_translation`;
CREATE TABLE `duo_page_translation` (
  `id` int(10) unsigned NOT NULL AUTO_INCREMENT,
  `page_id` int(10) unsigned NOT NULL,
  `lang` varchar(2) COLLATE utf8_unicode_ci NOT NULL,
  `name` varchar(255) COLLATE utf8_unicode_ci NOT NULL,
  `desc` text COLLATE utf8_unicode_ci NOT NULL,
  PRIMARY KEY (`id`),
  KEY `FK_duo_page_translation_duo_page` (`page_id`),
  CONSTRAINT `FK_duo_page_translation_duo_page` FOREIGN KEY (`page_id`) REFERENCES `duo_page` (`id`) ON DELETE CASCADE ON UPDATE CASCADE
) ENGINE=InnoDB DEFAULT CHARSET=utf8 COLLATE=utf8_unicode_ci;

INSERT INTO `duo_page_translation` (`id`, `page_id`, `lang`, `name`, `desc`) VALUES
(9,	9,	'en',	'Contact',	'<p><img alt=\"\" src=\"/user_files/images/logo.png\" style=\"height:83px; width:258px\" /></p>\n\n<h1><strong>Flair</strong></h1>\n\n<p><strong>Adress:</strong>&nbsp;ul.&nbsp;Dębicka 44, 39-207 Brzeźnica</p>\n\n<p><strong>Phone</strong>:14 681 11 11</p>\n'),
(15,	15,	'en',	'Brand',	'<p>Flair is an international brand of premium-quality emulsion paints intended for decoration and protection of interior walls and ceilings. The high-quality and the outstanding performance properties of Flair products make them ideally suited for use inside public utility buildings. They ensure excellent coverage, simple application and remarkable durability of the paint coat.</p>\r\n\r\n<p>From the very beginning, the brand has supplied consumers with high-quality and innovative, yet attractively-priced products for decoration and protection of interiors. The quality of Flair products is confirmed at every stage of the production process. Numerous research and development projects, modern technological solutions and in-house accredited laboratories have enabled the company to introduce onto the market premium-quality paints that represent excellent value for money. All this is done with the goal of meeting the most demanding customer expectations.</p>\r\n'),
(17,	17,	'en',	'Our products',	'<p>Lorem ipsum dolor sit amet, consectetur adipisc elit. Duis aute irure dolor in reprehenderit in voluptate velit esse cillum dolore</p>\r\n'),
(18,	15,	'se',	'Stämpla',	'<p>Flair &auml;r ett internationellt varum&auml;rke med h&ouml;gkvalitativa emulsionsf&auml;rger f&ouml;r dekorm&aring;lning och skyddsbehandling av inomhusv&auml;ggar och tak. Flair produkter med sin premium-kvalitet och bra prestationsegenskaper passar perfekt till interi&ouml;rer p&aring; offentliga byggnader. De &auml;r utm&auml;rkt t&auml;ckande, l&auml;tta att applicera och garanterar att f&auml;rgen h&aring;ller sig l&auml;nge.</p>\r\n\r\n<p>Varum&auml;rket har redan fr&aring;n b&ouml;rjan levererat sina kunder endast h&ouml;gkvalitativa och innovativa produkter f&ouml;r dekorm&aring;lning och skyddsbehandling inomhus till riktigt attraktiva priser. Flair produkters kvalitet bekr&auml;ftas p&aring; alla produktionsetapper. Olika forskningar och utvecklingsprojekt, moderna tekniska l&ouml;sningar och eget ackrediterat laboratorium g&ouml;r det m&ouml;jligt f&ouml;r f&ouml;retaget att marknadsf&ouml;ra h&ouml;gkvalitativa f&auml;rger som &auml;r en riktig valuta f&ouml;r pengar. Allt med syfte att uppfylla de mest kr&auml;vande kundernas f&ouml;rv&auml;ntningar.</p>\r\n'),
(19,	9,	'se',	'Kontakta',	'<p><img alt=\"\" src=\"/user_files/images/logo.png\" style=\"height:83px; width:258px\" /></p>\n\n<h1><strong>Flair</strong></h1>\n\n<p><strong>Adress:</strong>&nbsp;ul.&nbsp;Dębicka 44, 39-207 Brzenica</p>\n\n<p><strong>Telefon</strong>:14 681 11 11</p>\n'),
(20,	17,	'se',	'våra produkter',	'<p>Lorem ipsum dolor sit amet, consectetur adipisc elit. Duis aute irure dolor in reprehenderit in voluptate velit esse cillum dolore</p>\r\n'),
(21,	15,	'it',	'Marca',	'<p>&nbsp;</p>\r\n\r\n<p>Flair &egrave; un marchio internazionale di pitture in emulsione di qualit&agrave;, destinate alla decorazione e alla protezione di pareti e soffitti interni. L&rsquo;alta qualit&agrave; e le eccezionali propriet&agrave; funzionali dei prodotti Flair li rendono perfettamente idonei all&rsquo;impiego negli interni degli edifici di utilit&agrave; pubblica. Garantiscono un&rsquo;eccellente copertura, un&#39;applicazione semplice e una notevole durata del rivestimento.</p>\r\n\r\n<p>Fin dall&#39;inizio, questa azienda ha fornito ai consumatori prodotti innovativi di alta qualit&agrave;, ma dal prezzo molto interessante, per la decorazione e la protezione degli interni. La qualit&agrave; dei prodotti Flair &egrave; verificata in ogni fase del processo produttivo. Numerosi progetti di ricerca e sviluppo, soluzioni tecnologiche moderne e laboratori interni accreditati hanno consentito all&#39;azienda di introdurre nel mercato pitture di qualit&agrave; superiore, con un ottimo rapporto qualit&agrave;/prezzo. Tutto questo, con l&#39;obiettivo di soddisfare le aspettative dei clienti pi&ugrave; esigenti.</p>\r\n\r\n<p>&nbsp;</p>\r\n'),
(22,	9,	'it',	'Contatto',	'<p><img alt=\"\" src=\"/user_files/images/logo.png\" style=\"height:83px; width:258px\" /></p>\n\n<h1><strong>Flair</strong></h1>\n\n<p><strong>Distributore per l&rsquo;Italia:<br />\nDALPIAZ s.r.l.s.</strong><br />\nVia Milano 10/B &ndash; 38017 Mezzolombardo (TN)<br />\ninfo@dalpiaz.eu<br />\nwww.dalpiaz.eu<br />\nflaircolori.it</p>\n');

DROP TABLE IF EXISTS `duo_photo`;
CREATE TABLE `duo_photo` (
  `id` int(10) unsigned NOT NULL AUTO_INCREMENT,
  `gallery_id` int(10) unsigned NOT NULL,
  `order` tinyint(4) NOT NULL,
  `filename` varchar(50) COLLATE utf8_unicode_ci NOT NULL,
  `link` varchar(255) COLLATE utf8_unicode_ci DEFAULT NULL,
  PRIMARY KEY (`id`),
  KEY `FK_duo_photo_duo_gallery` (`gallery_id`),
  CONSTRAINT `FK_duo_photo_duo_gallery` FOREIGN KEY (`gallery_id`) REFERENCES `duo_gallery` (`id`) ON DELETE CASCADE ON UPDATE CASCADE
) ENGINE=InnoDB DEFAULT CHARSET=utf8 COLLATE=utf8_unicode_ci;

INSERT INTO `duo_photo` (`id`, `gallery_id`, `order`, `filename`, `link`) VALUES
(3,	2,	1,	'flair2_super_matt-rgba.png',	NULL),
(8,	1,	2,	'aplikacja.png',	''),
(9,	1,	1,	'ekologia.png',	''),
(10,	1,	3,	'wydajnosc.png',	''),
(11,	2,	3,	'aplikacja.png',	NULL),
(12,	2,	2,	'ekologia.png',	NULL),
(13,	2,	4,	'wydajnosc.png',	NULL),
(14,	3,	3,	'aplikacja.png',	NULL),
(15,	3,	2,	'ekologia.png',	NULL),
(16,	3,	4,	'wydajnosc.png',	NULL),
(18,	7,	0,	'flair_primer.png',	NULL),
(19,	7,	0,	'flair_primer.png',	NULL),
(20,	1,	0,	'flair_eko.png',	''),
(21,	3,	0,	'flair_vernissage.png',	NULL),
(23,	8,	0,	'na-rdze_160906_flair_a_800.jpg',	NULL),
(27,	10,	0,	'puzzer__st10_(2)_800ab.jpg',	NULL),
(28,	11,	0,	'puzzer_700.jpg',	NULL),
(29,	9,	0,	'flair_colorex_800.png',	NULL),
(30,	12,	0,	'foveo_grunt_800.png',	NULL),
(31,	13,	0,	'foveo_grunt_800.png',	NULL);

DROP TABLE IF EXISTS `duo_product`;
CREATE TABLE `duo_product` (
  `id` int(10) unsigned NOT NULL AUTO_INCREMENT,
  `category_id` int(11) unsigned DEFAULT NULL,
  `gallery_id` int(10) unsigned DEFAULT NULL,
  `order` tinyint(4) NOT NULL,
  PRIMARY KEY (`id`),
  KEY `gallery_id` (`gallery_id`),
  KEY `category_id` (`category_id`),
  CONSTRAINT `duo_product_ibfk_1` FOREIGN KEY (`gallery_id`) REFERENCES `duo_gallery` (`id`) ON DELETE SET NULL ON UPDATE CASCADE,
  CONSTRAINT `FK_duo_product_duo_category` FOREIGN KEY (`category_id`) REFERENCES `duo_category` (`id`) ON DELETE SET NULL ON UPDATE CASCADE
) ENGINE=InnoDB DEFAULT CHARSET=utf8 COLLATE=utf8_unicode_ci;

INSERT INTO `duo_product` (`id`, `category_id`, `gallery_id`, `order`) VALUES
(1,	39,	1,	0),
(2,	39,	2,	1),
(3,	39,	3,	2),
(19,	39,	7,	0),
(20,	39,	8,	0),
(21,	39,	9,	0),
(22,	39,	10,	0),
(23,	39,	11,	0),
(25,	39,	13,	0);

DROP TABLE IF EXISTS `duo_product_translation`;
CREATE TABLE `duo_product_translation` (
  `id` int(10) unsigned NOT NULL AUTO_INCREMENT,
  `product_id` int(10) unsigned NOT NULL,
  `lang` varchar(2) COLLATE utf8_unicode_ci NOT NULL,
  `name` varchar(255) COLLATE utf8_unicode_ci NOT NULL,
  `short_desc` varchar(255) COLLATE utf8_unicode_ci NOT NULL,
  `desc` text COLLATE utf8_unicode_ci NOT NULL,
  PRIMARY KEY (`id`),
  KEY `product_id` (`product_id`),
  CONSTRAINT `duo_product_translation_ibfk_1` FOREIGN KEY (`product_id`) REFERENCES `duo_product` (`id`) ON DELETE CASCADE ON UPDATE CASCADE
) ENGINE=InnoDB DEFAULT CHARSET=utf8 COLLATE=utf8_unicode_ci;

INSERT INTO `duo_product_translation` (`id`, `product_id`, `lang`, `name`, `short_desc`, `desc`) VALUES
(1,	1,	'pl',	'Flair Eko',	'ŚNIEŻKA ECO is a matt acrylic paint for walls and ceilings. Provides snow-white coats which allow the walls to ‘breathe’ fully.',	'<p><em>Description:</em></p>\r\n\r\n<p>ŚNIEŻKA ECO is a matt acrylic paint for walls and ceilings. Provides snow-white coats which allow the walls to &lsquo;breathe&rsquo; fully.</p>\r\n\r\n<p><em>Application:</em></p>\r\n\r\n<p>The paint is intended for decorative and protective painting of indoor walls and ceilings made of cement, lime-cement, lime and gypsum plasterwork, plasterboards, wood and wood-based materials. The product gives matt snow-white coatings, which allow for &ldquo;full breathing&rdquo; of the walls.</p>\r\n\r\n<p><em>Benefits:</em></p>\r\n\r\n<ol>\r\n	<li>\r\n	<p>Vapour-permeable</p>\r\n	</li>\r\n	<li>\r\n	<p>Easy application and perfect hiding power</p>\r\n	</li>\r\n	<li>\r\n	<p>Optimum yield: 13m&sup2;/l*</p>\r\n	</li>\r\n</ol>\r\n\r\n<p><em>Painting:</em></p>\r\n\r\n<p>&middot; Carry out painting works indoors at the ambient and substrate temperature over +10&ordm;C. &middot; Apply the two coats of paint by using a paintbrush, a roller or spraying method (not primed substrates - 3 coats) the second coat after the first one has dried out, i.e. after 2-4 hours.</p>\r\n\r\n<p>&middot; Clean the tools after completion of painting works.</p>\r\n\r\n<table border=\"1\" cellpadding=\"1\" cellspacing=\"0\" style=\"width:590px\">\r\n	<tbody>\r\n		<tr>\r\n			<td>\r\n			<p><strong>YIELD</strong></p>\r\n			</td>\r\n			<td>\r\n			<p>to 13&nbsp;m&sup2;/L&nbsp;with one painting only</p>\r\n			</td>\r\n		</tr>\r\n		<tr>\r\n			<td>\r\n			<p>CONTAINERS</p>\r\n			</td>\r\n			<td>\r\n			<p>10l</p>\r\n			</td>\r\n		</tr>\r\n		<tr>\r\n			<td>\r\n			<p>Number of coats</p>\r\n			</td>\r\n			<td>\r\n			<p>2 coats</p>\r\n			</td>\r\n		</tr>\r\n		<tr>\r\n			<td>\r\n			<p>COLOURS</p>\r\n			</td>\r\n			<td>\r\n			<p>white</p>\r\n			</td>\r\n		</tr>\r\n	</tbody>\r\n</table>\r\n\r\n<p>&nbsp;</p>\r\n'),
(2,	2,	'pl',	'Flair Super Matt',	'<p>Flair Super Matt is a paint, which thanks to easy application and high matt degree, recommended for large surfaces. The paint eliminates optically slight substrate imperfections. Consequently, Flair SUPER MATT is especially recommended for ceilings and',	'<p><em>Description:</em></p>\r\n\r\n<p>Flair Super Matt is a paint, which thanks to easy application and high matt degree, recommended for large surfaces. The paint eliminates optically slight substrate imperfections. Consequently, Flair SUPER MATT is especially recommended for ceilings and large surfaces in areas exposed to intense light.</p>\r\n\r\n<p><em>Application:</em></p>\r\n\r\n<p>An acrylic paint for indoor surfaces. Made with selected thickening agents and components which give an optical effect for matting surface irregularities and splashing, while increasing application performance and working comfort.</p>\r\n\r\n<p><em>Benefits:</em></p>\r\n\r\n<p>1. Recommended for large surfaces</p>\r\n\r\n<p>2. Optically levels out small painting defects</p>\r\n\r\n<p>3. Splash-free application</p>\r\n\r\n<p>4. Easy application and perfect hiding power</p>\r\n\r\n<p><em>Painting:</em></p>\r\n\r\n<p>Stir the paint and apply in 1 to 2 layers (or 2 layers on not primed substrates) with a brush, a roller or by airless spraying in 2 to 4 hour intervals. Paint with the surface and ambient temperatures from +10&deg;C. to +30&deg;C. Wash the painting tools with water afterwards.</p>\r\n\r\n<p>During painting and afterwards, the rooms should be aired until the paint odour disappears. Keep in tightly closed containers. Keep away from freezing temperatures and sun. Storage temperature from +5&deg;C to +30&deg;C. Detailed information is included in the material safety data sheet.</p>\r\n\r\n<table border=\"1\" cellpadding=\"1\" cellspacing=\"0\" style=\"width:589px\">\r\n	<tbody>\r\n		<tr>\r\n			<td>\r\n			<p><strong>YIELD</strong></p>\r\n			</td>\r\n			<td>\r\n			<p>to 13&nbsp;m&sup2;/L&nbsp;with one painting only</p>\r\n			</td>\r\n		</tr>\r\n		<tr>\r\n			<td>\r\n			<p>CONTAINERS</p>\r\n			</td>\r\n			<td>\r\n			<p>10l</p>\r\n			</td>\r\n		</tr>\r\n		<tr>\r\n			<td>\r\n			<p>Number of coats</p>\r\n			</td>\r\n			<td>\r\n			<p>2 coats</p>\r\n			</td>\r\n		</tr>\r\n		<tr>\r\n			<td>\r\n			<p>COLOURS</p>\r\n			</td>\r\n			<td>\r\n			<p>SNOW-WHITE</p>\r\n			</td>\r\n		</tr>\r\n	</tbody>\r\n</table>\r\n\r\n<p>&nbsp;</p>\r\n'),
(3,	3,	'pl',	'Flair Vernissage',	'<p>Flair Vernissage is a latex paint which features excellent coverage, high efficiency and easy application. A specially selected system of thickeners and agents provides optimal work comfort &ndash; the paint does not splatter during application. Thanks',	'<p><em>Description:</em></p>\r\n\r\n<p>Flair Vernissage is a latex paint which features excellent coverage, high efficiency and easy application. A specially selected system of thickeners and agents provides optimal work comfort &ndash; the paint does not splatter during application. Thanks to a special technology applied in the paint, so called - &lsquo;optical masking of light reflection&rsquo;, through very low gloss degree, the coat obtained is ideal as far as aesthetic value is concerned. Upon antireflective coats with such a low gloss degree, all surface irregularities are eliminated since the light is scattered when falling upon the wall and does not emphasize them. Forms coats resistant to scrubbing and multiple washing. Additionally, the paint contains very low of VOC (max. 5g/l).</p>\r\n\r\n<p><em>Application:</em></p>\r\n\r\n<p>Decorative painting of indoor walls and ceilings made of: cement, cement-lime, gypsum plasterwork, brick, plasterboards, wooden and wood-based surfaces, as well as fibreglass wallpapers, including glass fibre reinforced wallpapers.</p>\r\n\r\n<p><em>Benefits:</em></p>\r\n\r\n<p>1. Resistant to scrubbing and frequent washing.</p>\r\n\r\n<p>2. Anti-reflective matt coating.</p>\r\n\r\n<p>3. Superb yield: up to 14m&sup2;/l*; perfeft hiding power.</p>\r\n\r\n<p>4. Splash-free application.</p>\r\n\r\n<p>5. Low VOC: Green Idea.</p>\r\n\r\n<p>6. White.</p>\r\n\r\n<p><em>Painting:</em></p>\r\n\r\n<ul>\r\n	<li>\r\n	<p>Carry out painting works indoors at the ambient and substrate temperature between +10&ordm;C and +30&ordm;C.</p>\r\n	</li>\r\n	<li>\r\n	<p>Apply with a roller, a paintbrush or a hydrodynamic spraying method 1-2 coats every 2-4 hours.</p>\r\n	</li>\r\n	<li>\r\n	<p>Apply carefully and uniformly the same amount of paint on a selected section of the wall or the ceiling. Carry out the last stroke of the roller towards one direction.</p>\r\n	</li>\r\n	<li>\r\n	<p>Clean the tools with water after completion of painting works.</p>\r\n	</li>\r\n</ul>\r\n\r\n<p>The coat obtains its full resistance properties 28 days after completion of painting works.</p>\r\n\r\n<p>&nbsp;</p>\r\n\r\n<p>&nbsp;</p>\r\n\r\n<table border=\"1\" cellpadding=\"1\" cellspacing=\"0\" style=\"width:541px\">\r\n	<tbody>\r\n		<tr>\r\n			<td>\r\n			<p><strong>YIELD</strong></p>\r\n			</td>\r\n			<td>\r\n			<p>up to <strong>14 m&sup2;/l </strong>in one layer</p>\r\n			</td>\r\n		</tr>\r\n		<tr>\r\n			<td>\r\n			<p>CONTAINERS</p>\r\n			</td>\r\n			<td>\r\n			<p>10l</p>\r\n			</td>\r\n		</tr>\r\n		<tr>\r\n			<td>\r\n			<p>Number of coats</p>\r\n			</td>\r\n			<td>\r\n			<p>2 coats</p>\r\n			</td>\r\n		</tr>\r\n		<tr>\r\n			<td>\r\n			<p>COLOURS</p>\r\n			</td>\r\n			<td>\r\n			<p>SNOW-WHITE</p>\r\n			</td>\r\n		</tr>\r\n	</tbody>\r\n</table>\r\n\r\n<p>&nbsp;</p>\r\n'),
(4,	1,	'se',	'Flair Eko',	'ŚNIEŻKA ECO är en akrylbaserad matt färg för väggar och tak. Ger snövitt lager som låter väggar \"andas\".',	'<p><strong>Beskrivning:</strong></p>\n\n<p>Flair ECO &auml;r en akrylbaserad matt f&auml;rg f&ouml;r v&auml;ggar och tak. Ger sn&ouml;vitt lager som l&aring;ter v&auml;ggar &quot;andas&quot;.</p>\n\n<p><strong>Applicering:</strong></p>\n\n<p>F&auml;rgen &auml;r avsedd f&ouml;r dekorm&aring;lning och skyddsbehandling av inomhusv&auml;ggar och tak i cement, kalk-och cementbruk, kalk- och gipsbruk, gipsskivor, tr&auml; och tr&auml;baserat material. Produkten ger matt sn&ouml;vitt lager som l&aring;ter v&auml;ggar &quot;andas&quot;.</p>\n\n<p><strong>F&ouml;rdelar:</strong></p>\n\n<ol>\n	<li>\n	<p>&Aring;ngsp&auml;rr</p>\n	</li>\n	<li>\n	<p>Enkel applicering och perfekt t&auml;ckning</p>\n	</li>\n	<li>\n	<p>Optimal &aring;tg&aring;ng: 13m&sup2;/l*</p>\n	</li>\n</ol>\n\n<p><strong>M&aring;lning:</strong></p>\n\n<p>M&aring;la inomhus med underlagets och omgivningstemperatur &ouml;ver +10&ordm;&nbsp;C. Applicera tv&aring; lager f&auml;rg med en pensel, m&aring;larroller eller sprutm&aring;la (ej grundade underlag - 3 lager). M&aring;la den andra g&aring;ngen n&auml;r det f&ouml;rsta lagret blir helt torrt, dvs. efter 2-4 timmar.</p>\n\n<p>Reng&ouml;r alla verktyg efter avslutat m&aring;lning.</p>\n\n<table border=\"6\" cellpadding=\"1\" cellspacing=\"0\" style=\"width:590px\">\n	<tbody>\n		<tr>\n			<td>\n			<p><strong>&Aring;TG&Aring;NG</strong></p>\n			</td>\n			<td>\n			<p><strong>UPP TILL 13&nbsp;M&sup2;/L&nbsp;PER EN M&Aring;LNING</strong></p>\n			</td>\n		</tr>\n		<tr>\n		</tr>\n		<tr>\n		</tr>\n		<tr>\n		</tr>\n		<tr>\n			<td>\n			<p><strong>BEH&Aring;LLARE</strong></p>\n			</td>\n			<td>\n			<p><strong>10L</strong></p>\n			</td>\n		</tr>\n		<tr>\n		</tr>\n		<tr>\n		</tr>\n		<tr>\n		</tr>\n		<tr>\n			<td>\n			<p><strong>ANTAL LAGER</strong></p>\n			</td>\n			<td>\n			<p><strong>2 LAGER</strong></p>\n			</td>\n		</tr>\n		<tr>\n		</tr>\n		<tr>\n		</tr>\n		<tr>\n		</tr>\n		<tr>\n			<td>\n			<p><strong>F&Auml;RGER</strong></p>\n			</td>\n			<td>\n			<p><strong>VIT</strong></p>\n			</td>\n		</tr>\n	</tbody>\n</table>\n\n<p><br />\n&nbsp;</p>\n'),
(5,	2,	'se',	'Flair Super Matt',	'Flair Super Matt är en lätt applicerad super matt färg rekommenderad för stora ytor. Färgen eliminerar alla mindre optiska brister på underlaget. Därför rekommenderas Flair SUPER MATT särskilt för tak och stora ytor i utrymmen med intensiv ljusexponering.',	'<p><strong>Beskrivning:</strong></p>\r\n\r\n<p>Flair Super Matt &auml;r en l&auml;tt applicerad super matt f&auml;rg rekommenderad f&ouml;r stora ytor. F&auml;rgen eliminerar alla mindre optiska brister p&aring; underlaget. D&auml;rf&ouml;r rekommenderas Flair SUPER MATT s&auml;rskilt f&ouml;r tak och stora ytor i utrymmen med intensiv ljusexponering.</p>\r\n\r\n<p><strong>Applicering:</strong></p>\r\n\r\n<p>Akrylbaserad inomhusf&auml;rg. Tillverkad av utvalda f&ouml;rtjocknings&auml;mnen och komponenter som garanterar optisk utj&auml;mning p&aring; matta ytor med sm&aring;brister och oj&auml;mnheter, garanterar b&auml;ttre egenskaper och arbetskomfort.</p>\r\n\r\n<p><strong>F&ouml;rdelar:</strong></p>\r\n\r\n<p>1. Rekommenderas f&ouml;r stora ytor</p>\r\n\r\n<p>2. Optisk utj&auml;mning av mindre m&aring;lningsbrister</p>\r\n\r\n<p>3. L&auml;mnar inga fl&auml;ckar</p>\r\n\r\n<p>4. Enkel applicering och perfekt t&auml;ckning</p>\r\n\r\n<p><strong>M&aring;lning:</strong></p>\r\n\r\n<p>R&ouml;r om f&auml;rgen och applicera 1-2 lager (2 lager p&aring; ej grundade underlag) med en pensel, m&aring;larroller eller sprutm&aring;la med 2-4 timmars paus emellan. M&aring;la i underlagets och omgivningstemperatur mellan +10&deg;&nbsp;C och +30&deg;&nbsp;C. Tv&auml;tta m&aring;larverktyg med vatten efter avslutat arbete.</p>\r\n\r\n<p>Rummet ska ventileras medan du m&aring;lar och efter&aring;t tills f&auml;rglukten f&ouml;rsvinner. F&ouml;rvaras i t&auml;tt slutna beh&aring;llare. Skydda mot frost och sol. F&ouml;rvaras i temperatur mellan +5&deg;&nbsp;C och +30&deg;&nbsp;C. Detaljerad information finns med i s&auml;kerhetsdatablad.</p>\r\n\r\n<table border=\"6\" cellpadding=\"1\" cellspacing=\"0\" style=\"width:589px\">\r\n	<tbody>\r\n		<tr>\r\n			<td>\r\n			<p><strong>&Aring;TG&Aring;NG</strong></p>\r\n			</td>\r\n			<td>\r\n			<p><strong>UPP TILL 13&nbsp;M&sup2;/L&nbsp;PER EN M&Aring;LNING</strong></p>\r\n			</td>\r\n		</tr>\r\n		<tr>\r\n		</tr>\r\n		<tr>\r\n		</tr>\r\n		<tr>\r\n		</tr>\r\n		<tr>\r\n			<td>\r\n			<p><strong>BEH&Aring;LLARE</strong></p>\r\n			</td>\r\n			<td>\r\n			<p><strong>10L</strong></p>\r\n			</td>\r\n		</tr>\r\n		<tr>\r\n		</tr>\r\n		<tr>\r\n		</tr>\r\n		<tr>\r\n		</tr>\r\n		<tr>\r\n			<td>\r\n			<p><strong>ANTAL LAGER</strong></p>\r\n			</td>\r\n			<td>\r\n			<p><strong>2 LAGER</strong></p>\r\n			</td>\r\n		</tr>\r\n		<tr>\r\n		</tr>\r\n		<tr>\r\n		</tr>\r\n		<tr>\r\n		</tr>\r\n		<tr>\r\n			<td>\r\n			<p><strong>F&Auml;RGER</strong></p>\r\n			</td>\r\n			<td>\r\n			<p><strong>SN&Ouml;VIT</strong></p>\r\n			</td>\r\n		</tr>\r\n	</tbody>\r\n</table>\r\n\r\n<p><br />\r\n&nbsp;</p>\r\n'),
(6,	3,	'se',	'Flair Vernissage ',	'Flair Vernissage är en latexbaserad färg med utmärkt täckning, bra åtgång och enkel applicering. Speciellt utvalt system med förtjockningsämnen garanterar optimal arbetskomfort - färgen fläckar inte när du målar.',	'<p><strong>Beskrivning:</strong></p>\n\n<p>Flair Vernissage &auml;r en latexbaserad f&auml;rg med utm&auml;rkt t&auml;ckning, bra &aring;tg&aring;ng och enkel applicering. Speciellt utvalt system med f&ouml;rtjocknings&auml;mnen garanterar optimal arbetskomfort - f&auml;rgen fl&auml;ckar inte n&auml;r du m&aring;lar. F&auml;rgen tillverkas i specialteknik med s.k. &quot;optisk maskering av ljusreflexer&quot; och &auml;r mycket l&aring;gt gl&auml;nsande vilket inneb&auml;r att den har utm&auml;rka estetiska egenskaper. Eftersom ytbehandling avspeglar n&auml;stan inget ljus med s&aring; l&aring;g glans, g&ouml;ms alla ytliga oj&auml;mnheter och brister eftersom de syns n&auml;stan inte n&auml;r ljuset n&aring;r v&auml;ggen. T&aring;l borstning och tv&auml;ttning. F&auml;rgen har dessutom mycket l&aring;ga VOC-halter (max. 5g/l).</p>\n\n<p><strong>Applicering:</strong></p>\n\n<p>Dekorm&aring;lning av inomhusv&auml;ggar och tak i cement, kalk- och cement, gipsbruk, tegel, gipsskivor, tr&auml; eller tr&auml;baserade ytor samt glasfibertyg inklusive tapeter armerade med glasfiber.</p>\n\n<p><strong>F&ouml;rdelar:</strong></p>\n\n<p>1. T&aring;l borstning och tv&auml;ttning</p>\n\n<p>2. Matt yta utan ljusreflexer</p>\n\n<p>3. Utm&auml;rkt &aring;tg&aring;ng: upp till 14m&sup2;/l*; perfekt t&auml;ckande.</p>\n\n<p>4. L&auml;mnar inga fl&auml;ckar</p>\n\n<p>5. L&aring;ga VOC-halter: Gr&ouml;n koncept</p>\n\n<p>6. Vit</p>\n\n<p><strong>M&aring;lning:</strong></p>\n\n<ul>\n	<li>\n	<p>M&aring;la inomhus med underlagets och omgivningstemperatur mellan +10&ordm;&nbsp;C och +30&ordm;&nbsp;C.</p>\n	</li>\n	<li>\n	<p>Applicera med m&aring;larroller, pensel eller hydrodynamisk spruta. M&aring;la 1-2 g&aring;nger med 2-4 timmars mellanrum.</p>\n	</li>\n	<li>\n	<p>Applicera noga och j&auml;mnt, med lika mycket f&auml;rg p&aring; den utvalda delen av v&auml;gg eller tak. Dra rullen den sista g&aring;ngen i en och samma riktning.</p>\n	</li>\n	<li>\n	<p>Tv&auml;tta alla verktyg med vatten efter avslutat m&aring;lning.</p>\n	</li>\n</ul>\n\n<p>F&auml;rgen uppn&aring;r sina fullst&auml;ndiga egenskaper f&ouml;rst efter 28 dagar efter avslutad m&aring;lning.</p>\n\n<p>&nbsp;</p>\n\n<p>&nbsp;</p>\n\n<table border=\"6\" cellpadding=\"1\" cellspacing=\"0\" style=\"width:541px\">\n	<tbody>\n		<tr>\n			<td>\n			<p><strong>&Aring;TG&Aring;NG</strong></p>\n			</td>\n			<td>\n			<p><strong>UPP TILL 14 M&sup2;/L&nbsp;PER LAGER</strong></p>\n			</td>\n		</tr>\n		<tr>\n		</tr>\n		<tr>\n		</tr>\n		<tr>\n		</tr>\n		<tr>\n			<td>\n			<p><strong>BEH&Aring;LLARE</strong></p>\n			</td>\n			<td>\n			<p><strong>10L</strong></p>\n			</td>\n		</tr>\n		<tr>\n		</tr>\n		<tr>\n		</tr>\n		<tr>\n		</tr>\n		<tr>\n			<td>\n			<p><strong>ANTAL LAGER</strong></p>\n			</td>\n			<td>\n			<p><strong>2 LAGER</strong></p>\n			</td>\n		</tr>\n		<tr>\n		</tr>\n		<tr>\n		</tr>\n		<tr>\n		</tr>\n		<tr>\n			<td>\n			<p><strong>F&Auml;RGER</strong></p>\n			</td>\n			<td>\n			<p><strong>SN&Ouml;VIT</strong></p>\n			</td>\n		</tr>\n	</tbody>\n</table>\n\n<p>&nbsp;</p>\n'),
(7,	1,	'pl',	'Flair Eko',	'ŚNIEŻKA ECO is a matt acrylic paint for walls and ceilings. Provides snow-white coats which allow the walls to ‘breathe’ fully.',	'<p><em>Description:</em></p>\r\n\r\n<p>ŚNIEŻKA ECO is a matt acrylic paint for walls and ceilings. Provides snow-white coats which allow the walls to &lsquo;breathe&rsquo; fully.</p>\r\n\r\n<p><em>Application:</em></p>\r\n\r\n<p>The paint is intended for decorative and protective painting of indoor walls and ceilings made of cement, lime-cement, lime and gypsum plasterwork, plasterboards, wood and wood-based materials. The product gives matt snow-white coatings, which allow for &ldquo;full breathing&rdquo; of the walls.</p>\r\n\r\n<p><em>Benefits:</em></p>\r\n\r\n<ol>\r\n	<li>\r\n	<p>Vapour-permeable</p>\r\n	</li>\r\n	<li>\r\n	<p>Easy application and perfect hiding power</p>\r\n	</li>\r\n	<li>\r\n	<p>Optimum yield: 13m&sup2;/l*</p>\r\n	</li>\r\n</ol>\r\n\r\n<p><em>Painting:</em></p>\r\n\r\n<p>&middot; Carry out painting works indoors at the ambient and substrate temperature over +10&ordm;C. &middot; Apply the two coats of paint by using a paintbrush, a roller or spraying method (not primed substrates - 3 coats) the second coat after the first one has dried out, i.e. after 2-4 hours.</p>\r\n\r\n<p>&middot; Clean the tools after completion of painting works.</p>\r\n\r\n<table border=\"1\" cellpadding=\"1\" cellspacing=\"0\" style=\"width:590px\">\r\n	<tbody>\r\n		<tr>\r\n			<td>\r\n			<p><strong>YIELD</strong></p>\r\n			</td>\r\n			<td>\r\n			<p>to 13&nbsp;m&sup2;/L&nbsp;with one painting only</p>\r\n			</td>\r\n		</tr>\r\n		<tr>\r\n			<td>\r\n			<p>CONTAINERS</p>\r\n			</td>\r\n			<td>\r\n			<p>10l</p>\r\n			</td>\r\n		</tr>\r\n		<tr>\r\n			<td>\r\n			<p>Number of coats</p>\r\n			</td>\r\n			<td>\r\n			<p>2 coats</p>\r\n			</td>\r\n		</tr>\r\n		<tr>\r\n			<td>\r\n			<p>COLOURS</p>\r\n			</td>\r\n			<td>\r\n			<p>white</p>\r\n			</td>\r\n		</tr>\r\n	</tbody>\r\n</table>\r\n\r\n<p>&nbsp;</p>\r\n'),
(8,	1,	'it',	'Flair Eko',	'Flair ECO è una pittura acrilica opaca per pareti e soffitti. Produce rivestimenti bianco-neve, che consentono alle pareti di “respirare” liberamente.',	'<p>Descrizione<em>:</em></p>\n\n<p>Flair ECO &egrave; una pittura acrilica opaca per pareti e soffitti. Produce rivestimenti bianco-neve, che consentono alle pareti di &ldquo;respirare&rdquo; liberamente.</p>\n\n<p><em>Applicazione:</em></p>\n\n<p>Questa pittura &egrave; destinata al rivestimento decorativo e protettivo di pareti e soffitti interni in cemento, calce-cemento, intonaci in calce e gesso, pannelli in cartongesso, legno e materiali a base di legno. Il prodotto produce rivestimenti opachi bianco-neve, che consentono la piena traspirazione delle pareti.</p>\n\n<p><em>Vantaggi:</em></p>\n\n<ol>\n	<li>Permeabile al vapore</li>\n	<li>\n	<p>Applicazione semplice e ottimo potere coprente</p>\n	</li>\n	<li>\n	<p>Resa elevata: 13 m&sup2;/l*</p>\n	</li>\n</ol>\n\n<p><em>Pitturazione:</em></p>\n\n<p>&middot; Eseguire i lavori di pitturazione degli interni con temperatura dell&rsquo;ambiente e del substrato superiore a +10 &ordm;C.</p>\n\n<p>&middot; Applicare due strati di pittura utilizzando un pennello, un rullo o un sistema a spruzzo (senza strato di fondo, 3 strati), il secondo strato dopo che il primo &egrave; essiccato, ossia dopo 2-4 ore.</p>\n\n<p>&middot; Dopo la conclusione dei lavori di pitturazione, pulire gli attrezzi.</p>\n\n<table border=\"1\" cellpadding=\"1\" cellspacing=\"0\" style=\"width:590px\">\n	<tbody>\n		<tr>\n			<td>\n			<p><strong>RESA</strong></p>\n			</td>\n			<td>\n			<p>FINO A 13 M2/L PER SINGOLO STRATO</p>\n			</td>\n		</tr>\n		<tr>\n			<td>\n			<p>CONTENITORI</p>\n			</td>\n			<td>\n			<p>10l</p>\n			</td>\n		</tr>\n		<tr>\n			<td>\n			<p>NUMERO DI STRATI</p>\n			</td>\n			<td>\n			<p>2 STRATI</p>\n			</td>\n		</tr>\n		<tr>\n			<td>\n			<p>COLORE</p>\n			</td>\n			<td>\n			<p>BIANCO</p>\n			</td>\n		</tr>\n	</tbody>\n</table>\n\n<p>&nbsp;</p>\n\n<p><a href=\"http://www.flaircolori.it/home/9-flair-eko.html\" target=\"_blank\"><img alt=\"\" src=\"/user_files/images/kup%20online%20it.jpg\" style=\"height:54px; width:620px\" /></a></p>\n\n<p>&nbsp;</p>\n'),
(9,	1,	'pl',	'Flair Eko',	'ŚNIEŻKA ECO is a matt acrylic paint for walls and ceilings. Provides snow-white coats which allow the walls to ‘breathe’ fully.',	'<p><em>Description:</em></p>\r\n\r\n<p>ŚNIEŻKA ECO is a matt acrylic paint for walls and ceilings. Provides snow-white coats which allow the walls to &lsquo;breathe&rsquo; fully.</p>\r\n\r\n<p><em>Application:</em></p>\r\n\r\n<p>The paint is intended for decorative and protective painting of indoor walls and ceilings made of cement, lime-cement, lime and gypsum plasterwork, plasterboards, wood and wood-based materials. The product gives matt snow-white coatings, which allow for &ldquo;full breathing&rdquo; of the walls.</p>\r\n\r\n<p><em>Benefits:</em></p>\r\n\r\n<ol>\r\n	<li>\r\n	<p>Vapour-permeable</p>\r\n	</li>\r\n	<li>\r\n	<p>Easy application and perfect hiding power</p>\r\n	</li>\r\n	<li>\r\n	<p>Optimum yield: 13m&sup2;/l*</p>\r\n	</li>\r\n</ol>\r\n\r\n<p><em>Painting:</em></p>\r\n\r\n<p>&middot; Carry out painting works indoors at the ambient and substrate temperature over +10&ordm;C. &middot; Apply the two coats of paint by using a paintbrush, a roller or spraying method (not primed substrates - 3 coats) the second coat after the first one has dried out, i.e. after 2-4 hours.</p>\r\n\r\n<p>&middot; Clean the tools after completion of painting works.</p>\r\n\r\n<table border=\"1\" cellpadding=\"1\" cellspacing=\"0\" style=\"width:590px\">\r\n	<tbody>\r\n		<tr>\r\n			<td>\r\n			<p><strong>YIELD</strong></p>\r\n			</td>\r\n			<td>\r\n			<p>to 13&nbsp;m&sup2;/L&nbsp;with one painting only</p>\r\n			</td>\r\n		</tr>\r\n		<tr>\r\n			<td>\r\n			<p>CONTAINERS</p>\r\n			</td>\r\n			<td>\r\n			<p>10l</p>\r\n			</td>\r\n		</tr>\r\n		<tr>\r\n			<td>\r\n			<p>Number of coats</p>\r\n			</td>\r\n			<td>\r\n			<p>2 coats</p>\r\n			</td>\r\n		</tr>\r\n		<tr>\r\n			<td>\r\n			<p>COLOURS</p>\r\n			</td>\r\n			<td>\r\n			<p>white</p>\r\n			</td>\r\n		</tr>\r\n	</tbody>\r\n</table>\r\n\r\n<p>&nbsp;</p>\r\n'),
(10,	3,	'it',	'Flair Vernissage',	'Flair Vernissage è una pittura al lattice con eccellenti caratteristiche di copertura, efficienza elevata e applicazione semplice. Un sistema appositamente selezionato di addensanti assicura un confort di lavoro ottimale – la pittura non schizza durante l',	'<p><em>Descrizione:</em></p>\n\n<p>Flair Vernissage &egrave; una pittura al lattice con eccellenti caratteristiche di copertura, efficienza elevata e applicazione semplice. Un sistema appositamente selezionato di addensanti assicura un confort di lavoro ottimale &ndash; la pittura non schizza durante l&#39;applicazione. Grazie ad una speciale tecnologia adottata per questa pittura, il cosiddetto &ldquo;mascheramento ottico di riflessione della luce&rdquo;, in virt&ugrave; del bassissimo grado di brillantezza, il rivestimento ottenuto &egrave; ideale per le situazioni in cui l&rsquo;estetica &egrave; importante. Con rivestimenti antiriflesso dotati un grado di lucentezza cos&igrave; basso, tutte le irregolarit&agrave; della superficie sono eliminate, poich&eacute; la luce incidente sulla parete viene diffusa e non le evidenzia. Produce rivestimenti resistenti allo strofinio e a lavaggi multipli. Inoltre, questa pittura contiene quantit&agrave; molto basse di COV (massimo 5 g/l).</p>\n\n<p><em>Applicazione:</em></p>\n\n<p>Pittura decorativa per pareti e soffitti interni, realizzati in: cemento, cemento e calce, intonaci in gesso, mattoni, pannelli in cartongesso, legno e materiali a base di legno, nonch&eacute; carte da parati in fibra di vetro, incluse carte da parati in fibra di vetro rinforzata.</p>\n\n<p><em>Vantaggi:</em></p>\n\n<p>1. Resistente allo strofinio e a lavaggi multipli.</p>\n\n<p>2. Rivestimento opaco antiriflesso.</p>\n\n<p>3. Resa eccezionale: fino a 14 m&sup2;/l*; perfetto potere coprente.</p>\n\n<p>4. Applicazione senza schizzi.</p>\n\n<p>5. Basso contenuto di COV: idea ecologica.</p>\n\n<p>6. Bianco.</p>\n\n<p><em>Pitturazione:</em></p>\n\n<ul>\n	<li>Eseguire i lavori di pitturazione degli interni con temperatura dell&rsquo;ambiente e del substrato compresa tra +10 e +30 &ordm;C.</li>\n	<li>Applicare con un rullo, un pennello o un sistema di polverizzazione idrodinamica 1 o 2 strati, con un intervallo di 2-4 ore.</li>\n	<li>Applicare accuratamente e uniformemente la stessa quantit&agrave; di pittura su ciascuna parte selezionata di parete o soffitto. Effettuare l&#39;ultimo passaggio del rullo nella stessa direzione.</li>\n	<li>Dopo la conclusione dei lavori di pitturazione, pulire gli attrezzi.</li>\n</ul>\n\n<p>Il rivestimento assume le sue piene propriet&agrave; di resistenza 28 giorni dopo il completamento dei lavori di pitturazione.</p>\n\n<p>&nbsp;</p>\n\n<table border=\"1\" cellpadding=\"1\" cellspacing=\"0\" style=\"width:541px\">\n	<tbody>\n		<tr>\n			<td>\n			<p><strong>RESA</strong></p>\n			</td>\n			<td>\n			<p>FINO A 14 M2/L PER SINGOLO STRATO</p>\n			</td>\n		</tr>\n		<tr>\n			<td>\n			<p>CONTENITORI</p>\n			</td>\n			<td>\n			<p>10l</p>\n			</td>\n		</tr>\n		<tr>\n			<td>\n			<p>NUMERO DI STRATI</p>\n			</td>\n			<td>\n			<p>2 STRATI</p>\n			</td>\n		</tr>\n		<tr>\n			<td>\n			<p>COLORE</p>\n			</td>\n			<td>\n			<p>BIANCO-NEVE</p>\n			</td>\n		</tr>\n	</tbody>\n</table>\n\n<p>&nbsp;</p>\n\n<p><a href=\"http://www.flaircolori.it/home/11-flair-vernissage.html\" target=\"_blank\"><img alt=\"\" src=\"/user_files/images/kup%20online%20it.jpg\" style=\"height:54px; width:620px\" /></a></p>\n'),
(11,	3,	'pl',	'Flair Vernissage',	'<p>Flair Vernissage is a latex paint which features excellent coverage, high efficiency and easy application. A specially selected system of thickeners and agents provides optimal work comfort &ndash; the paint does not splatter during application. Thanks',	'<p><em>Description:</em></p>\r\n\r\n<p>Flair Vernissage is a latex paint which features excellent coverage, high efficiency and easy application. A specially selected system of thickeners and agents provides optimal work comfort &ndash; the paint does not splatter during application. Thanks to a special technology applied in the paint, so called - &lsquo;optical masking of light reflection&rsquo;, through very low gloss degree, the coat obtained is ideal as far as aesthetic value is concerned. Upon antireflective coats with such a low gloss degree, all surface irregularities are eliminated since the light is scattered when falling upon the wall and does not emphasize them. Forms coats resistant to scrubbing and multiple washing. Additionally, the paint contains very low of VOC (max. 5g/l).</p>\r\n\r\n<p><em>Application:</em></p>\r\n\r\n<p>Decorative painting of indoor walls and ceilings made of: cement, cement-lime, gypsum plasterwork, brick, plasterboards, wooden and wood-based surfaces, as well as fibreglass wallpapers, including glass fibre reinforced wallpapers.</p>\r\n\r\n<p><em>Benefits:</em></p>\r\n\r\n<p>1. Resistant to scrubbing and frequent washing.</p>\r\n\r\n<p>2. Anti-reflective matt coating.</p>\r\n\r\n<p>3. Superb yield: up to 14m&sup2;/l*; perfeft hiding power.</p>\r\n\r\n<p>4. Splash-free application.</p>\r\n\r\n<p>5. Low VOC: Green Idea.</p>\r\n\r\n<p>6. White.</p>\r\n\r\n<p><em>Painting:</em></p>\r\n\r\n<ul>\r\n	<li>\r\n	<p>Carry out painting works indoors at the ambient and substrate temperature between +10&ordm;C and +30&ordm;C.</p>\r\n	</li>\r\n	<li>\r\n	<p>Apply with a roller, a paintbrush or a hydrodynamic spraying method 1-2 coats every 2-4 hours.</p>\r\n	</li>\r\n	<li>\r\n	<p>Apply carefully and uniformly the same amount of paint on a selected section of the wall or the ceiling. Carry out the last stroke of the roller towards one direction.</p>\r\n	</li>\r\n	<li>\r\n	<p>Clean the tools with water after completion of painting works.</p>\r\n	</li>\r\n</ul>\r\n\r\n<p>The coat obtains its full resistance properties 28 days after completion of painting works.</p>\r\n\r\n<p>&nbsp;</p>\r\n\r\n<p>&nbsp;</p>\r\n\r\n<table border=\"1\" cellpadding=\"1\" cellspacing=\"0\" style=\"width:541px\">\r\n	<tbody>\r\n		<tr>\r\n			<td>\r\n			<p><strong>YIELD</strong></p>\r\n			</td>\r\n			<td>\r\n			<p>up to <strong>14 m&sup2;/l </strong>in one layer</p>\r\n			</td>\r\n		</tr>\r\n		<tr>\r\n			<td>\r\n			<p>CONTAINERS</p>\r\n			</td>\r\n			<td>\r\n			<p>10l</p>\r\n			</td>\r\n		</tr>\r\n		<tr>\r\n			<td>\r\n			<p>Number of coats</p>\r\n			</td>\r\n			<td>\r\n			<p>2 coats</p>\r\n			</td>\r\n		</tr>\r\n		<tr>\r\n			<td>\r\n			<p>COLOURS</p>\r\n			</td>\r\n			<td>\r\n			<p>SNOW-WHITE</p>\r\n			</td>\r\n		</tr>\r\n	</tbody>\r\n</table>\r\n\r\n<p>&nbsp;</p>\r\n'),
(12,	3,	'pl',	'Flair Vernissage',	'<p>Flair Vernissage is a latex paint which features excellent coverage, high efficiency and easy application. A specially selected system of thickeners and agents provides optimal work comfort &ndash; the paint does not splatter during application. Thanks',	'<p><em>Description:</em></p>\r\n\r\n<p>Flair Vernissage is a latex paint which features excellent coverage, high efficiency and easy application. A specially selected system of thickeners and agents provides optimal work comfort &ndash; the paint does not splatter during application. Thanks to a special technology applied in the paint, so called - &lsquo;optical masking of light reflection&rsquo;, through very low gloss degree, the coat obtained is ideal as far as aesthetic value is concerned. Upon antireflective coats with such a low gloss degree, all surface irregularities are eliminated since the light is scattered when falling upon the wall and does not emphasize them. Forms coats resistant to scrubbing and multiple washing. Additionally, the paint contains very low of VOC (max. 5g/l).</p>\r\n\r\n<p><em>Application:</em></p>\r\n\r\n<p>Decorative painting of indoor walls and ceilings made of: cement, cement-lime, gypsum plasterwork, brick, plasterboards, wooden and wood-based surfaces, as well as fibreglass wallpapers, including glass fibre reinforced wallpapers.</p>\r\n\r\n<p><em>Benefits:</em></p>\r\n\r\n<p>1. Resistant to scrubbing and frequent washing.</p>\r\n\r\n<p>2. Anti-reflective matt coating.</p>\r\n\r\n<p>3. Superb yield: up to 14m&sup2;/l*; perfeft hiding power.</p>\r\n\r\n<p>4. Splash-free application.</p>\r\n\r\n<p>5. Low VOC: Green Idea.</p>\r\n\r\n<p>6. White.</p>\r\n\r\n<p><em>Painting:</em></p>\r\n\r\n<ul>\r\n	<li>\r\n	<p>Carry out painting works indoors at the ambient and substrate temperature between +10&ordm;C and +30&ordm;C.</p>\r\n	</li>\r\n	<li>\r\n	<p>Apply with a roller, a paintbrush or a hydrodynamic spraying method 1-2 coats every 2-4 hours.</p>\r\n	</li>\r\n	<li>\r\n	<p>Apply carefully and uniformly the same amount of paint on a selected section of the wall or the ceiling. Carry out the last stroke of the roller towards one direction.</p>\r\n	</li>\r\n	<li>\r\n	<p>Clean the tools with water after completion of painting works.</p>\r\n	</li>\r\n</ul>\r\n\r\n<p>The coat obtains its full resistance properties 28 days after completion of painting works.</p>\r\n\r\n<p>&nbsp;</p>\r\n\r\n<p>&nbsp;</p>\r\n\r\n<table border=\"1\" cellpadding=\"1\" cellspacing=\"0\" style=\"width:541px\">\r\n	<tbody>\r\n		<tr>\r\n			<td>\r\n			<p><strong>YIELD</strong></p>\r\n			</td>\r\n			<td>\r\n			<p>up to <strong>14 m&sup2;/l </strong>in one layer</p>\r\n			</td>\r\n		</tr>\r\n		<tr>\r\n			<td>\r\n			<p>CONTAINERS</p>\r\n			</td>\r\n			<td>\r\n			<p>10l</p>\r\n			</td>\r\n		</tr>\r\n		<tr>\r\n			<td>\r\n			<p>Number of coats</p>\r\n			</td>\r\n			<td>\r\n			<p>2 coats</p>\r\n			</td>\r\n		</tr>\r\n		<tr>\r\n			<td>\r\n			<p>COLOURS</p>\r\n			</td>\r\n			<td>\r\n			<p>SNOW-WHITE</p>\r\n			</td>\r\n		</tr>\r\n	</tbody>\r\n</table>\r\n\r\n<p>&nbsp;</p>\r\n'),
(13,	1,	'pl',	'Flair Eko',	'ŚNIEŻKA ECO is a matt acrylic paint for walls and ceilings. Provides snow-white coats which allow the walls to ‘breathe’ fully.',	'<p><em>Description:</em></p>\r\n\r\n<p>ŚNIEŻKA ECO is a matt acrylic paint for walls and ceilings. Provides snow-white coats which allow the walls to &lsquo;breathe&rsquo; fully.</p>\r\n\r\n<p><em>Application:</em></p>\r\n\r\n<p>The paint is intended for decorative and protective painting of indoor walls and ceilings made of cement, lime-cement, lime and gypsum plasterwork, plasterboards, wood and wood-based materials. The product gives matt snow-white coatings, which allow for &ldquo;full breathing&rdquo; of the walls.</p>\r\n\r\n<p><em>Benefits:</em></p>\r\n\r\n<ol>\r\n	<li>\r\n	<p>Vapour-permeable</p>\r\n	</li>\r\n	<li>\r\n	<p>Easy application and perfect hiding power</p>\r\n	</li>\r\n	<li>\r\n	<p>Optimum yield: 13m&sup2;/l*</p>\r\n	</li>\r\n</ol>\r\n\r\n<p><em>Painting:</em></p>\r\n\r\n<p>&middot; Carry out painting works indoors at the ambient and substrate temperature over +10&ordm;C. &middot; Apply the two coats of paint by using a paintbrush, a roller or spraying method (not primed substrates - 3 coats) the second coat after the first one has dried out, i.e. after 2-4 hours.</p>\r\n\r\n<p>&middot; Clean the tools after completion of painting works.</p>\r\n\r\n<table border=\"1\" cellpadding=\"1\" cellspacing=\"0\" style=\"width:590px\">\r\n	<tbody>\r\n		<tr>\r\n			<td>\r\n			<p><strong>YIELD</strong></p>\r\n			</td>\r\n			<td>\r\n			<p>to 13&nbsp;m&sup2;/L&nbsp;with one painting only</p>\r\n			</td>\r\n		</tr>\r\n		<tr>\r\n			<td>\r\n			<p>CONTAINERS</p>\r\n			</td>\r\n			<td>\r\n			<p>10l</p>\r\n			</td>\r\n		</tr>\r\n		<tr>\r\n			<td>\r\n			<p>Number of coats</p>\r\n			</td>\r\n			<td>\r\n			<p>2 coats</p>\r\n			</td>\r\n		</tr>\r\n		<tr>\r\n			<td>\r\n			<p>COLOURS</p>\r\n			</td>\r\n			<td>\r\n			<p>white</p>\r\n			</td>\r\n		</tr>\r\n	</tbody>\r\n</table>\r\n\r\n<p>&nbsp;</p>\r\n'),
(14,	2,	'it',	'Flair Super Matt',	'Flair Super Matt è una pittura che, grazie alla facilità d’applicazione e all’elevata opacità, è raccomandata per le grandi superfici. Questa pittura elimina visivamente le lievi imperfezioni del substrato. Di conseguenza, Flair SUPER MATT è particolarmen',	'<p><em>Descrizione:</em></p>\r\n\r\n<p>Flair Super Matt &egrave; una pittura che, grazie alla facilit&agrave; d&rsquo;applicazione e all&rsquo;elevata opacit&agrave;, &egrave; raccomandata per le grandi superfici. Questa pittura elimina visivamente le lievi imperfezioni del substrato. Di conseguenza, Flair SUPER MATT &egrave; particolarmente consigliata per i soffitti e le grandi superfici nelle zone esposte a luce intensa.</p>\r\n\r\n<p><em>Applicazione:</em></p>\r\n\r\n<p>Pittura acrilica per superfici interne. Realizzata con agenti addensanti selezionati e componenti che producono un effetto ottico di correzione di irregolarit&agrave; e schizzi della superficie, aumenta nel contempo le prestazioni di applicazione e il confort di lavoro.</p>\r\n\r\n<p><em>Vantaggi:</em></p>\r\n\r\n<p>1. Raccomandata per grandi superfici</p>\r\n\r\n<p>2. Livellamento visivo dei piccoli difetti di pitturazione</p>\r\n\r\n<p>3. Applicazione senza schizzi</p>\r\n\r\n<p>4. Applicazione semplice e ottimo potere coprente</p>\r\n\r\n<p><em>Pitturazione:</em></p>\r\n\r\n<p>Mescolare la pittura e applicare da 1 a 2 strati (2 strati su substrati senza strato di fondo) con un pennello, un rullo o un sistema a spruzzo senza compressore, con un intervallo da 2 a 4 ore. Pitturare con temperatura della superficie e dell&rsquo;ambiente da +10 a +30 &deg;C. Quindi, lavare gli attrezzi di pitturazione con acqua..</p>\r\n\r\n<p>Durante la pitturazione e dopo la conclusione dei lavori, gli ambienti devono essere aerati fino a quando scompare l&#39;odore di pittura. Conservare in recipienti chiusi ermeticamente. Tenere lontano dal gelo e dall&rsquo;irraggiamento solare. Temperatura di stoccaggio: da +5 a +30 &deg;C. Nella scheda di sicurezza sono incluse informazioni dettagliate.</p>\r\n\r\n<table border=\"1\" cellpadding=\"1\" cellspacing=\"0\" style=\"width:589px\">\r\n	<tbody>\r\n		<tr>\r\n			<td>\r\n			<p><strong>RESA</strong></p>\r\n			</td>\r\n			<td>\r\n			<p>FINO A 13 M2/L PER SINGOLO STRATO</p>\r\n			</td>\r\n		</tr>\r\n		<tr>\r\n			<td>\r\n			<p>CONTENITORI</p>\r\n			</td>\r\n			<td>\r\n			<p>10l</p>\r\n			</td>\r\n		</tr>\r\n		<tr>\r\n			<td>\r\n			<p>NUMERO DI STRATI</p>\r\n			</td>\r\n			<td>\r\n			<p>2 STRATI</p>\r\n			</td>\r\n		</tr>\r\n		<tr>\r\n			<td>\r\n			<p>COLORE</p>\r\n			</td>\r\n			<td>\r\n			<p>BIANCO-NEVE</p>\r\n			</td>\r\n		</tr>\r\n	</tbody>\r\n</table>\r\n'),
(15,	2,	'pl',	'Flair Super Matt',	'<p>Flair Super Matt is a paint, which thanks to easy application and high matt degree, recommended for large surfaces. The paint eliminates optically slight substrate imperfections. Consequently, Flair SUPER MATT is especially recommended for ceilings and',	'<p><em>Description:</em></p>\r\n\r\n<p>Flair Super Matt is a paint, which thanks to easy application and high matt degree, recommended for large surfaces. The paint eliminates optically slight substrate imperfections. Consequently, Flair SUPER MATT is especially recommended for ceilings and large surfaces in areas exposed to intense light.</p>\r\n\r\n<p><em>Application:</em></p>\r\n\r\n<p>An acrylic paint for indoor surfaces. Made with selected thickening agents and components which give an optical effect for matting surface irregularities and splashing, while increasing application performance and working comfort.</p>\r\n\r\n<p><em>Benefits:</em></p>\r\n\r\n<p>1. Recommended for large surfaces</p>\r\n\r\n<p>2. Optically levels out small painting defects</p>\r\n\r\n<p>3. Splash-free application</p>\r\n\r\n<p>4. Easy application and perfect hiding power</p>\r\n\r\n<p><em>Painting:</em></p>\r\n\r\n<p>Stir the paint and apply in 1 to 2 layers (or 2 layers on not primed substrates) with a brush, a roller or by airless spraying in 2 to 4 hour intervals. Paint with the surface and ambient temperatures from +10&deg;C. to +30&deg;C. Wash the painting tools with water afterwards.</p>\r\n\r\n<p>During painting and afterwards, the rooms should be aired until the paint odour disappears. Keep in tightly closed containers. Keep away from freezing temperatures and sun. Storage temperature from +5&deg;C to +30&deg;C. Detailed information is included in the material safety data sheet.</p>\r\n\r\n<table border=\"1\" cellpadding=\"1\" cellspacing=\"0\" style=\"width:589px\">\r\n	<tbody>\r\n		<tr>\r\n			<td>\r\n			<p><strong>YIELD</strong></p>\r\n			</td>\r\n			<td>\r\n			<p>to 13&nbsp;m&sup2;/L&nbsp;with one painting only</p>\r\n			</td>\r\n		</tr>\r\n		<tr>\r\n			<td>\r\n			<p>CONTAINERS</p>\r\n			</td>\r\n			<td>\r\n			<p>10l</p>\r\n			</td>\r\n		</tr>\r\n		<tr>\r\n			<td>\r\n			<p>Number of coats</p>\r\n			</td>\r\n			<td>\r\n			<p>2 coats</p>\r\n			</td>\r\n		</tr>\r\n		<tr>\r\n			<td>\r\n			<p>COLOURS</p>\r\n			</td>\r\n			<td>\r\n			<p>SNOW-WHITE</p>\r\n			</td>\r\n		</tr>\r\n	</tbody>\r\n</table>\r\n\r\n<p>&nbsp;</p>\r\n'),
(16,	3,	'pl',	'Flair Vernissage',	'<p>Flair Vernissage is a latex paint which features excellent coverage, high efficiency and easy application. A specially selected system of thickeners and agents provides optimal work comfort &ndash; the paint does not splatter during application. Thanks',	'<p><em>Description:</em></p>\r\n\r\n<p>Flair Vernissage is a latex paint which features excellent coverage, high efficiency and easy application. A specially selected system of thickeners and agents provides optimal work comfort &ndash; the paint does not splatter during application. Thanks to a special technology applied in the paint, so called - &lsquo;optical masking of light reflection&rsquo;, through very low gloss degree, the coat obtained is ideal as far as aesthetic value is concerned. Upon antireflective coats with such a low gloss degree, all surface irregularities are eliminated since the light is scattered when falling upon the wall and does not emphasize them. Forms coats resistant to scrubbing and multiple washing. Additionally, the paint contains very low of VOC (max. 5g/l).</p>\r\n\r\n<p><em>Application:</em></p>\r\n\r\n<p>Decorative painting of indoor walls and ceilings made of: cement, cement-lime, gypsum plasterwork, brick, plasterboards, wooden and wood-based surfaces, as well as fibreglass wallpapers, including glass fibre reinforced wallpapers.</p>\r\n\r\n<p><em>Benefits:</em></p>\r\n\r\n<p>1. Resistant to scrubbing and frequent washing.</p>\r\n\r\n<p>2. Anti-reflective matt coating.</p>\r\n\r\n<p>3. Superb yield: up to 14m&sup2;/l*; perfeft hiding power.</p>\r\n\r\n<p>4. Splash-free application.</p>\r\n\r\n<p>5. Low VOC: Green Idea.</p>\r\n\r\n<p>6. White.</p>\r\n\r\n<p><em>Painting:</em></p>\r\n\r\n<ul>\r\n	<li>\r\n	<p>Carry out painting works indoors at the ambient and substrate temperature between +10&ordm;C and +30&ordm;C.</p>\r\n	</li>\r\n	<li>\r\n	<p>Apply with a roller, a paintbrush or a hydrodynamic spraying method 1-2 coats every 2-4 hours.</p>\r\n	</li>\r\n	<li>\r\n	<p>Apply carefully and uniformly the same amount of paint on a selected section of the wall or the ceiling. Carry out the last stroke of the roller towards one direction.</p>\r\n	</li>\r\n	<li>\r\n	<p>Clean the tools with water after completion of painting works.</p>\r\n	</li>\r\n</ul>\r\n\r\n<p>The coat obtains its full resistance properties 28 days after completion of painting works.</p>\r\n\r\n<p>&nbsp;</p>\r\n\r\n<p>&nbsp;</p>\r\n\r\n<table border=\"1\" cellpadding=\"1\" cellspacing=\"0\" style=\"width:541px\">\r\n	<tbody>\r\n		<tr>\r\n			<td>\r\n			<p><strong>YIELD</strong></p>\r\n			</td>\r\n			<td>\r\n			<p>up to <strong>14 m&sup2;/l </strong>in one layer</p>\r\n			</td>\r\n		</tr>\r\n		<tr>\r\n			<td>\r\n			<p>CONTAINERS</p>\r\n			</td>\r\n			<td>\r\n			<p>10l</p>\r\n			</td>\r\n		</tr>\r\n		<tr>\r\n			<td>\r\n			<p>Number of coats</p>\r\n			</td>\r\n			<td>\r\n			<p>2 coats</p>\r\n			</td>\r\n		</tr>\r\n		<tr>\r\n			<td>\r\n			<p>COLOURS</p>\r\n			</td>\r\n			<td>\r\n			<p>SNOW-WHITE</p>\r\n			</td>\r\n		</tr>\r\n	</tbody>\r\n</table>\r\n\r\n<p>&nbsp;</p>\r\n'),
(17,	1,	'pl',	'Flair Eko',	'ŚNIEŻKA ECO is a matt acrylic paint for walls and ceilings. Provides snow-white coats which allow the walls to ‘breathe’ fully.',	'<p><em>Description:</em></p>\r\n\r\n<p>ŚNIEŻKA ECO is a matt acrylic paint for walls and ceilings. Provides snow-white coats which allow the walls to &lsquo;breathe&rsquo; fully.</p>\r\n\r\n<p><em>Application:</em></p>\r\n\r\n<p>The paint is intended for decorative and protective painting of indoor walls and ceilings made of cement, lime-cement, lime and gypsum plasterwork, plasterboards, wood and wood-based materials. The product gives matt snow-white coatings, which allow for &ldquo;full breathing&rdquo; of the walls.</p>\r\n\r\n<p><em>Benefits:</em></p>\r\n\r\n<ol>\r\n	<li>\r\n	<p>Vapour-permeable</p>\r\n	</li>\r\n	<li>\r\n	<p>Easy application and perfect hiding power</p>\r\n	</li>\r\n	<li>\r\n	<p>Optimum yield: 13m&sup2;/l*</p>\r\n	</li>\r\n</ol>\r\n\r\n<p><em>Painting:</em></p>\r\n\r\n<p>&middot; Carry out painting works indoors at the ambient and substrate temperature over +10&ordm;C. &middot; Apply the two coats of paint by using a paintbrush, a roller or spraying method (not primed substrates - 3 coats) the second coat after the first one has dried out, i.e. after 2-4 hours.</p>\r\n\r\n<p>&middot; Clean the tools after completion of painting works.</p>\r\n\r\n<table border=\"1\" cellpadding=\"1\" cellspacing=\"0\" style=\"width:590px\">\r\n	<tbody>\r\n		<tr>\r\n			<td>\r\n			<p><strong>YIELD</strong></p>\r\n			</td>\r\n			<td>\r\n			<p>to 13&nbsp;m&sup2;/L&nbsp;with one painting only</p>\r\n			</td>\r\n		</tr>\r\n		<tr>\r\n			<td>\r\n			<p>CONTAINERS</p>\r\n			</td>\r\n			<td>\r\n			<p>10l</p>\r\n			</td>\r\n		</tr>\r\n		<tr>\r\n			<td>\r\n			<p>Number of coats</p>\r\n			</td>\r\n			<td>\r\n			<p>2 coats</p>\r\n			</td>\r\n		</tr>\r\n		<tr>\r\n			<td>\r\n			<p>COLOURS</p>\r\n			</td>\r\n			<td>\r\n			<p>white</p>\r\n			</td>\r\n		</tr>\r\n	</tbody>\r\n</table>\r\n\r\n<p>&nbsp;</p>\r\n'),
(18,	2,	'en',	'Flair Super Matt',	'<p>Flair Super Matt is a paint, which thanks to easy application and high matt degree, recommended for large surfaces. The paint eliminates optically slight substrate imperfections. Consequently, Flair SUPER MATT is especially recommended for ceilings and',	'<p><em>Description:</em></p>\r\n\r\n<p>Flair Super Matt is a paint, which thanks to easy application and high matt degree, recommended for large surfaces. The paint eliminates optically slight substrate imperfections. Consequently, Flair SUPER MATT is especially recommended for ceilings and large surfaces in areas exposed to intense light.</p>\r\n\r\n<p><em>Application:</em></p>\r\n\r\n<p>An acrylic paint for indoor surfaces. Made with selected thickening agents and components which give an optical effect for matting surface irregularities and splashing, while increasing application performance and working comfort.</p>\r\n\r\n<p><em>Benefits:</em></p>\r\n\r\n<p>1. Recommended for large surfaces</p>\r\n\r\n<p>2. Optically levels out small painting defects</p>\r\n\r\n<p>3. Splash-free application</p>\r\n\r\n<p>4. Easy application and perfect hiding power</p>\r\n\r\n<p><em>Painting:</em></p>\r\n\r\n<p>Stir the paint and apply in 1 to 2 layers (or 2 layers on not primed substrates) with a brush, a roller or by airless spraying in 2 to 4 hour intervals. Paint with the surface and ambient temperatures from +10&deg;C. to +30&deg;C. Wash the painting tools with water afterwards.</p>\r\n\r\n<p>During painting and afterwards, the rooms should be aired until the paint odour disappears. Keep in tightly closed containers. Keep away from freezing temperatures and sun. Storage temperature from +5&deg;C to +30&deg;C. Detailed information is included in the material safety data sheet.</p>\r\n\r\n<table border=\"1\" cellpadding=\"1\" cellspacing=\"0\" style=\"width:589px\">\r\n	<tbody>\r\n		<tr>\r\n			<td>\r\n			<p><strong>YIELD</strong></p>\r\n			</td>\r\n			<td>\r\n			<p>to 13&nbsp;m&sup2;/L&nbsp;with one painting only</p>\r\n			</td>\r\n		</tr>\r\n		<tr>\r\n			<td>\r\n			<p>CONTAINERS</p>\r\n			</td>\r\n			<td>\r\n			<p>10l</p>\r\n			</td>\r\n		</tr>\r\n		<tr>\r\n			<td>\r\n			<p>Number of coats</p>\r\n			</td>\r\n			<td>\r\n			<p>2 coats</p>\r\n			</td>\r\n		</tr>\r\n		<tr>\r\n			<td>\r\n			<p>COLOURS</p>\r\n			</td>\r\n			<td>\r\n			<p>SNOW-WHITE</p>\r\n			</td>\r\n		</tr>\r\n	</tbody>\r\n</table>\r\n\r\n<p>&nbsp;</p>\r\n'),
(19,	1,	'pl',	'Flair Eko',	'ŚNIEŻKA ECO is a matt acrylic paint for walls and ceilings. Provides snow-white coats which allow the walls to ‘breathe’ fully.',	'<p><em>Description:</em></p>\n\n<p>ŚNIEŻKA ECO is a matt acrylic paint for walls and ceilings. Provides snow-white coats which allow the walls to &lsquo;breathe&rsquo; fully.</p>\n\n<p><em>Application:</em></p>\n\n<p>The paint is intended for decorative and protective painting of indoor walls and ceilings made of cement, lime-cement, lime and gypsum plasterwork, plasterboards, wood and wood-based materials. The product gives matt snow-white coatings, which allow for &ldquo;full breathing&rdquo; of the walls.</p>\n\n<p><em>Benefits:</em></p>\n\n<ol>\n	<li>\n	<p>Vapour-permeable</p>\n	</li>\n	<li>\n	<p>Easy application and perfect hiding power</p>\n	</li>\n	<li>\n	<p>Optimum yield: 13m&sup2;/l*</p>\n	</li>\n</ol>\n\n<p><em>Painting:</em></p>\n\n<p>&middot; Carry out painting works indoors at the ambient and substrate temperature over +10&ordm;C. &middot; Apply the two coats of paint by using a paintbrush, a roller or spraying method (not primed substrates - 3 coats) the second coat after the first one has dried out, i.e. after 2-4 hours.</p>\n\n<p>&middot; Clean the tools after completion of painting works.</p>\n\n<table border=\"1\" cellpadding=\"1\" cellspacing=\"0\" style=\"width:590px\">\n	<tbody>\n		<tr>\n			<td>\n			<p><strong>YIELD</strong></p>\n			</td>\n			<td>\n			<p>to 13&nbsp;m&sup2;/L&nbsp;with one painting only</p>\n			</td>\n		</tr>\n		<tr>\n			<td>\n			<p>CONTAINERS</p>\n			</td>\n			<td>\n			<p>10l</p>\n			</td>\n		</tr>\n		<tr>\n			<td>\n			<p>Number of coats</p>\n			</td>\n			<td>\n			<p>2 coats</p>\n			</td>\n		</tr>\n		<tr>\n			<td>\n			<p>COLOURS</p>\n			</td>\n			<td>\n			<p>white</p>\n			</td>\n		</tr>\n	</tbody>\n</table>\n\n<p>&nbsp;</p>\n'),
(24,	19,	'pl',	'',	'',	''),
(25,	19,	'se',	'',	'',	''),
(26,	19,	'it',	'Flair PRIMER ',	'EMULSIONE IN LATTICE- PITTURA DI FONDO PER INTERNI\nCAMPI D\'APPLICAZIONE: L’idropittura  di fondo è applicata  su supporti in  cemento, cemento-calce, gesso, cartongesso,  legno e a base di legno utilizzati in ambienti interni. Isola e uniforma l’assorbime',	'<p><strong><em>Descrizione</em></strong></p>\n\n<p>L&rsquo;idropittura &nbsp;di fondo &egrave; applicata &nbsp;su supporti in &nbsp;cemento, cemento-calce, gesso, cartongesso, &nbsp;legno e a base di legno utilizzati in ambienti interni. Isola e uniforma l&rsquo;assorbimento del supporto. Ottimizza l&rsquo;ancoraggio e la resa delle pitture sucessive.&nbsp;</p>\n\n<p><em><em><strong>Applicazione:</strong></em></em></p>\n\n<p>Preparazione &nbsp;&ndash; i supporti da verniciare devono essere stabili, stagionati, privi di polvere e grassi. Vecchie pitture sfarinanti o poco ancorate devono essere rimosse . Uniformare le irregolarit&agrave; e le fessure con un rasante idoneo. Le macchie d&#39;acqua, nicotina, olio, etc. devono essere trattate con una pittura antimacchia. Su supporti poco compatti, molto assorbenti e sfarinanti &nbsp;applicare un primer a base di polimeri. Verniciatura &ndash; miscelare la vernice e applicarla a pennello, rullo o spruzzo. Applicare le vernici di finitura dopo 2-4 ore. Eseguire i lavori a temperatura del supporto e dell&#39;ambiente superiore a +10&deg;C e inferiori a +30&ordm;C. Pulire gli attrezzi con l&#39;acqua. Applicare esclusivamente in ambienti ben ventilati. Tenere e stoccare in confezioni ermeticamente chiuse. Proteggere dal gelo e dall&#39;insolazione. Temperatura di stoccaggio da +5&ordm;C a +30&ordm;C. Le informazioni dettagliate sono riportate nella Scheda Tecnica.</p>\n\n<p><em>Data di scadenza e n. lotto sulla confezione</em></p>\n\n<p><strong><em><em>Vantaggi:</em></em></strong></p>\n\n<ol>\n	<li><em>Uniforma l&rsquo;assorbimento&nbsp;&nbsp;del supporto.</em></li>\n	<li><em>Incrementa la resa delle pittura&nbsp;&nbsp;di finitura.</em></li>\n	<li><em>Traspirante.</em></li>\n	<li><em>Consigliata per pannelli in cartongesso.&nbsp;</em></li>\n	<li><em>Possiede&nbsp;&nbsp;il Certificato Igienico.</em></li>\n</ol>\n\n<p><em>&nbsp;</em></p>\n\n<table border=\"1\" cellpadding=\"1\" cellspacing=\"0\" style=\"width:541px\">\n	<tbody>\n		<tr>\n			<td>\n			<p><em><strong>RESA</strong></em></p>\n			</td>\n			<td>\n			<p><em>FINO A 9&nbsp;M2/L PER SINGOLO STRATO</em></p>\n			</td>\n		</tr>\n		<tr>\n			<td>\n			<p><em>CONTENITORI</em></p>\n			</td>\n			<td>\n			<p><em>10l</em></p>\n			</td>\n		</tr>\n		<tr>\n			<td>\n			<p><em>NUMERO DI STRATI</em></p>\n			</td>\n			<td>\n			<p><em>1 coats</em></p>\n			</td>\n		</tr>\n		<tr>\n			<td>\n			<p><em>COLORE</em></p>\n			</td>\n			<td>\n			<p><em>BIANCO</em></p>\n			</td>\n		</tr>\n	</tbody>\n</table>\n\n<p><em>&nbsp;</em></p>\n\n<p><em><a href=\"http://www.flaircolori.it/home/8-flair-primer.html\" target=\"_blank\"><img alt=\"\" src=\"/user_files/images/kup%20online%20it.jpg\" style=\"height:54px; width:620px\" /></a></em></p>\n'),
(27,	19,	'pl',	'',	'',	''),
(28,	1,	'pl',	'Flair Eko',	'ŚNIEŻKA ECO is a matt acrylic paint for walls and ceilings. Provides snow-white coats which allow the walls to ‘breathe’ fully.',	'<p><em>Description:</em></p>\n\n<p>ŚNIEŻKA ECO is a matt acrylic paint for walls and ceilings. Provides snow-white coats which allow the walls to &lsquo;breathe&rsquo; fully.</p>\n\n<p><em>Application:</em></p>\n\n<p>The paint is intended for decorative and protective painting of indoor walls and ceilings made of cement, lime-cement, lime and gypsum plasterwork, plasterboards, wood and wood-based materials. The product gives matt snow-white coatings, which allow for &ldquo;full breathing&rdquo; of the walls.</p>\n\n<p><em>Benefits:</em></p>\n\n<ol>\n	<li>\n	<p>Vapour-permeable</p>\n	</li>\n	<li>\n	<p>Easy application and perfect hiding power</p>\n	</li>\n	<li>\n	<p>Optimum yield: 13m&sup2;/l*</p>\n	</li>\n</ol>\n\n<p><em>Painting:</em></p>\n\n<p>&middot; Carry out painting works indoors at the ambient and substrate temperature over +10&ordm;C. &middot; Apply the two coats of paint by using a paintbrush, a roller or spraying method (not primed substrates - 3 coats) the second coat after the first one has dried out, i.e. after 2-4 hours.</p>\n\n<p>&middot; Clean the tools after completion of painting works.</p>\n\n<table border=\"1\" cellpadding=\"1\" cellspacing=\"0\" style=\"width:590px\">\n	<tbody>\n		<tr>\n			<td>\n			<p><strong>YIELD</strong></p>\n			</td>\n			<td>\n			<p>to 13&nbsp;m&sup2;/L&nbsp;with one painting only</p>\n			</td>\n		</tr>\n		<tr>\n			<td>\n			<p>CONTAINERS</p>\n			</td>\n			<td>\n			<p>10l</p>\n			</td>\n		</tr>\n		<tr>\n			<td>\n			<p>Number of coats</p>\n			</td>\n			<td>\n			<p>2 coats</p>\n			</td>\n		</tr>\n		<tr>\n			<td>\n			<p>COLOURS</p>\n			</td>\n			<td>\n			<p>white</p>\n			</td>\n		</tr>\n	</tbody>\n</table>\n\n<p>&nbsp;</p>\n'),
(29,	19,	'pl',	'',	'',	''),
(30,	19,	'pl',	'',	'',	''),
(31,	19,	'pl',	'',	'',	''),
(32,	19,	'pl',	'',	'',	''),
(33,	19,	'pl',	'',	'',	''),
(34,	20,	'pl',	'',	'',	''),
(35,	20,	'se',	'',	'',	''),
(36,	20,	'it',	'Flair Antiruggine',	'Smalto di fondo che protegge le superfici in acciaio e ghisa dalla corrosione. Ideale sia per la verniciatura nuova che per il rinnovo dei vecchi rivestimenti di verniciatura di recinzioni, cancelli, porte, ringhiere, strutture dei mezzi di trasporto, mac',	'<p><em>Descrizione​</em></p>\n\n<p>Smalto di fondo che protegge le superfici in acciaio e ghisa dalla corrosione. Ideale sia per la verniciatura nuova che per il rinnovo dei vecchi rivestimenti di verniciatura di recinzioni, cancelli, porte, ringhiere, strutture dei mezzi di trasporto, macchine agricole, macchine e dispositivi industriali, dettagli automobilistici ecc. Disponibile con diversi effetti decorativi. Non utilizzare su pavimenti in metallo, scale, corridoi.</p>\n\n<p><em>Applicazione:</em></p>\n\n<p>&nbsp;Preparazione &ndash; le superfici da verniciare devono essere pulite, asciutte, sgrassate, prive di polvere, pulviscolo, sedimenti salini, pittura screpolata e ruggine di leggera adesione. Sulle superfici precedentemente pitturate con altre pitture, si raccomanda di eseguire una verniciatura di prova - applicare una piccola quantit&agrave; di pittura e lasciarla asciugare per circa 1 ora. Nel caso di difetti, ad esempio: bombature, grinze del rivestimento, occorre eliminare la vecchia pittura. Nel caso di utilizzi industriali e atipici, chiedere le informazioni dettagliate al Produttore. Verniciatura - mescolare accuratamente prima dell&rsquo;applicazione. Applicare con: pennello, rullo con pelo corto, pistola a spruzzo idrodinamico o nei locali professionali adatti alla spruzzatura pneumatica. Il prodotto &egrave; pronto all&rsquo;uso nella forma commerciale. Si ammette la riduzione della viscosit&agrave; del prodotto a seconda del metodo di applicazione e dell&rsquo;attrezzo utilizzato: diluire in quantit&agrave;: mass. del 3% - pennello, rullo, del 10% - spruzzatura pneumatica. Dopo la diluizione occorre eseguire una prova preliminare. Il prodotto deve essere verniciato con il metodo incrociato &ldquo;bagnato su bagnato&rdquo; (2-3 strati) a seconda dello spessore degli strati applicati entro 0,5 fino a 2 ore dalla verniciatura dello strato precedente. Lo spessore di verniciatura consigliato &egrave; indicato nella scheda tecnica. Il metodo, l&rsquo;applicazione, il tipo di attrezzo utilizzato, nonch&eacute; lo spessore degli strati applicati, decidono dell&rsquo;effetto finale e della resistenza del rivestimento. Diluizione e lavaggio degli attrezzi -&nbsp;&nbsp;Flair Diluente Antiruggine. Le informazioni dettagliate sono incluse nella scheda tecnica e su www.flairpaints.com.</p>\n\n<p><em>Vantaggi:</em></p>\n\n<ol>\n	<li><em>Protezione attiva* 8 anni</em></li>\n	<li><em>3in1: verniciatura facile e rapida</em></li>\n	<li><em>Maggiore resistenza ai fattori atmosferici e ai raggi UV</em></li>\n	<li>D<em>irettamente sulla ruggine / ottima aderenza</em></li>\n</ol>\n\n<table border=\"1\" cellpadding=\"1\" cellspacing=\"0\" style=\"width:541px\">\n	<tbody>\n		<tr>\n			<td>\n			<p><strong>RESA</strong></p>\n			</td>\n			<td>\n			<p>FINO A &nbsp;M2/L PER SINGOLO STRATO</p>\n			</td>\n		</tr>\n		<tr>\n			<td>\n			<p>CONTENITORI</p>\n			</td>\n			<td>\n			<p>650ml, 2,5l</p>\n			</td>\n		</tr>\n		<tr>\n			<td>\n			<p>NUMERO DI STRATI</p>\n			</td>\n			<td>\n			<p>2 STRATI</p>\n			</td>\n		</tr>\n	</tbody>\n</table>\n'),
(37,	20,	'pl',	'',	'',	''),
(38,	20,	'pl',	'',	'',	''),
(39,	20,	'pl',	'',	'',	''),
(40,	20,	'pl',	'',	'',	''),
(41,	20,	'pl',	'',	'',	''),
(42,	21,	'pl',	'',	'',	''),
(43,	21,	'se',	'',	'',	''),
(44,	21,	'it',	'Flair Colorex',	'Il pigmento concentrato è adatto alla colorazione delle vernici ad emulsione, a colla, ad olio, ftaliche, al clorocaucciù, a calce e altre. Aggiungere a seconda del colore desiderato, tuttavia non più di una confezione per ogni litro di vernice colorata. ',	'<p>Il pigmento concentrato &egrave; adatto alla colorazione delle vernici ad emulsione, a colla, ad olio, ftaliche, al clorocaucci&ugrave;, a calce e altre. Aggiungere a seconda del colore desiderato, tuttavia non pi&ugrave; di una confezione per ogni litro di vernice colorata. Agitare prima dell&rsquo;uso.</p>\n\n<p>Le informazioni dettagliate sono incluse nella scheda tecnica.</p>\n\n<table border=\"1\" cellpadding=\"1\" cellspacing=\"0\" style=\"width:589px\">\n	<tbody>\n		<tr>\n			<td>\n			<p>CONTAINERS</p>\n			</td>\n			<td>\n			<p>100ml</p>\n			</td>\n		</tr>\n	</tbody>\n</table>\n\n<p><a href=\"http://www.flaircolori.it/home/10-flair-colorex.html\" target=\"_blank\"><img alt=\"\" src=\"/user_files/images/kup%20online%20it.jpg\" style=\"height:54px; width:620px\" /></a></p>\n'),
(45,	21,	'pl',	'',	'',	''),
(46,	21,	'pl',	'',	'',	''),
(47,	22,	'pl',	'',	'',	''),
(48,	22,	'se',	'',	'',	''),
(49,	22,	'it',	' PUZZER™ ST10 Start',	'L’intonachino di finitura bianco neve è adatto alla preparazione delle pareti e dei soffitti perfettamente lisci all’interno degli edifici prima della verniciatura o posa della carta da parati, nonché al montaggio degli angolari in alluminio e alla giuntu',	'<p>L&rsquo;intonachino di finitura bianco neve &egrave; adatto alla preparazione delle pareti e dei soffitti perfettamente lisci all&rsquo;interno degli edifici prima della verniciatura o posa della carta da parati, nonch&eacute; al montaggio degli angolari in alluminio e alla giuntura dei pannelli in cartongesso.</p>\n\n<p>Da applicare su fondi omogenei, asciutti e puliti. Sui fondi deboli, di forte assorbimento o lisci e sdrucciolevoli, occorre applicare un&rsquo;adeguata vernice di fondo.</p>\n\n<p>Miscelare con acqua nelle proporzioni: 0,4 l di acqua/1 kg di massa. Lasciar riposare per 5 minuti e rimescolare. L&rsquo;intonachino pronto &egrave; utilizzabile per 1 ora dopo la mescolatura. Il tempo di asciugatura di un singolo strato (ad una temp. di 20&ordm;C e l&rsquo;umidit&agrave; del 65%): circa 2 ore. Temperatura di applicazione: superiore a +10&deg;C.</p>\n\n<p>Applicare a strati da 1 a 3 mm, fori locali fino a 3 cm. Molare al raggiungimento dell&rsquo;asciugatura totale.&nbsp;&nbsp;Le informazioni dettagliate sono incluse nella scheda tecnica.</p>\n\n<p>Rendimento: circa 1 m&sup2; da 1 kg per uno strato dello spessore di 1 mm.</p>\n\n<p>Scadenza e numero del lotto sulla confezione.</p>\n\n<p><em>Vantaggi:</em></p>\n\n<ol>\n	<li>Di facile applicazione e molatura</li>\n	<li>Singoli buchi fino a 3 cm</li>\n	<li>Applicazione &ldquo;bagnato su bagnato&rdquo;</li>\n	<li>Certificato del professionista - ottimo effetto finale</li>\n</ol>\n\n<p>&nbsp;</p>\n\n<table border=\"1\" cellpadding=\"1\" cellspacing=\"0\" style=\"width:589px\">\n	<tbody>\n		<tr>\n			<td>\n			<p>CONTAINERS</p>\n			</td>\n			<td>\n			<p>20&nbsp;kg</p>\n			</td>\n		</tr>\n		<tr>\n			<td>\n			<p>COLOURS</p>\n			</td>\n			<td>\n			<p>Bianco neve</p>\n			</td>\n		</tr>\n	</tbody>\n</table>\n\n<p><a href=\"http://www.flaircolori.it/home/13-puzzer-st10.html\" target=\"_blank\"><img alt=\"\" src=\"/user_files/images/kup%20online%20it.jpg\" style=\"height:54px; width:620px\" /></a></p>\n'),
(50,	22,	'pl',	'',	'',	''),
(51,	22,	'pl',	'',	'',	''),
(52,	22,	'pl',	'',	'',	''),
(53,	22,	'pl',	'',	'',	''),
(54,	22,	'pl',	'',	'',	''),
(55,	22,	'pl',	'',	'',	''),
(56,	23,	'pl',	'',	'',	''),
(57,	23,	'se',	'',	'',	''),
(58,	23,	'it',	'PUZZER™ FS20 FINISZ',	'Stucco di colore bianco neve, pronto all\'uso, per preparazione di pareti e soffitti interni, estremamente fine, prepara un fondo ideale per la tinteggiatura successiva o per il  rivestimento con carta da parati nonché  per il montaggio di angolari in allu',	'<p>Stucco di colore bianco neve, pronto all&#39;uso, per preparazione di pareti e soffitti interni, estremamente fine, prepara un fondo ideale per la tinteggiatura successiva o per il&nbsp;&nbsp;rivestimento con carta da parati nonch&eacute;&nbsp;&nbsp;per il montaggio di angolari in alluminio e&nbsp;&nbsp;la stuccatura di pannelli in cartongesso.</p>\n\n<p>Applicare in modo uniforme, su supporti asciutti e puliti. In caso di supporti sfarinanti, molto assorbenti o lisci&nbsp;&nbsp;applicare un primer idoneo.</p>\n\n<p>Applicare a strati di spessore da 1 a 3 mm. Applicare ogni strato dopo l&#39;essiccazione di quello precedente. Applicare ad una temperatura superiore a +10&deg;C. Tempo di essiccazione di uno strato singolo (a temp. 20&deg;C, umidit&agrave; 65%): ca. 4 h. Per l&#39;applicazione meccanica o in caso di una pasta troppo densa diluire aggiungendo fino al 5% di acqua pulita. Carteggiare dopo l&#39;essiccazione completa. Le informazioni dettagliate sono riportate nella Scheda Tecnica.</p>\n\n<p>Resa- circa 1 kg/ m&sup2; con spessore di strato 1 mm.</p>\n\n<p>Data di scadenza e numero lotto sulla confezione<br />\n<em>Vantaggi:</em></p>\n\n<ol>\n	<li>Formula polimerica.&nbsp;</li>\n	<li>Pronto all&rsquo;uso.</li>\n	<li>Facile da applicare e carteggiare.</li>\n	<li>Ottimo per l&#39;applicazione manuale e meccanica.</li>\n	<li>Ottimo risultato finale - pareti estremamente lisce.</li>\n	<li>Certificato dal professionista - ottimo risultato finale</li>\n</ol>\n\n<table border=\"1\" cellpadding=\"1\" cellspacing=\"0\" style=\"width:589px\">\n	<tbody>\n		<tr>\n			<td>\n			<p>CONTAINERS</p>\n			</td>\n			<td>\n			<p>17 kg</p>\n			</td>\n		</tr>\n		<tr>\n			<td>\n			<p>COLOURS</p>\n			</td>\n			<td>\n			<p>Bianco neve</p>\n			</td>\n		</tr>\n	</tbody>\n</table>\n\n<p><a href=\"http://www.flaircolori.it/home/12-puzzer-fs20.html\" target=\"_blank\"><img alt=\"\" src=\"/user_files/images/kup%20online%20it.jpg\" style=\"height:54px; width:620px\" /></a></p>\n'),
(59,	23,	'pl',	'',	'',	''),
(60,	23,	'pl',	'',	'',	''),
(61,	1,	'en',	'Flair Eko',	'Flair ECO is a matt acrylic paint for walls and ceilings. Provides snow-white coats which allow the walls to ‘breathe’ fully.',	'<p><em>Description:</em></p>\n\n<p>ŚNIEŻKA ECO is a matt acrylic paint for walls and ceilings. Provides snow-white coats which allow the walls to &lsquo;breathe&rsquo; fully.</p>\n\n<p><em>Application:</em></p>\n\n<p>The paint is intended for decorative and protective painting of indoor walls and ceilings made of cement, lime-cement, lime and gypsum plasterwork, plasterboards, wood and wood-based materials. The product gives matt snow-white coatings, which allow for &ldquo;full breathing&rdquo; of the walls.</p>\n\n<p><em>Benefits:</em></p>\n\n<ol>\n	<li>\n	<p>Vapour-permeable</p>\n	</li>\n	<li>\n	<p>Easy application and perfect hiding power</p>\n	</li>\n	<li>\n	<p>Optimum yield: 13m&sup2;/l*</p>\n	</li>\n</ol>\n\n<p><em>Painting:</em></p>\n\n<p>&middot; Carry out painting works indoors at the ambient and substrate temperature over +10&ordm;C. &middot; Apply the two coats of paint by using a paintbrush, a roller or spraying method (not primed substrates - 3 coats) the second coat after the first one has dried out, i.e. after 2-4 hours.</p>\n\n<p>&middot; Clean the tools after completion of painting works.</p>\n\n<table border=\"1\" cellpadding=\"1\" cellspacing=\"0\" style=\"width:590px\">\n	<tbody>\n		<tr>\n			<td>\n			<p><strong>YIELD</strong></p>\n			</td>\n			<td>\n			<p>to 13&nbsp;m&sup2;/L&nbsp;with one painting only</p>\n			</td>\n		</tr>\n		<tr>\n			<td>\n			<p>CONTAINERS</p>\n			</td>\n			<td>\n			<p>10l</p>\n			</td>\n		</tr>\n		<tr>\n			<td>\n			<p>Number of coats</p>\n			</td>\n			<td>\n			<p>2 coats</p>\n			</td>\n		</tr>\n		<tr>\n			<td>\n			<p>COLOURS</p>\n			</td>\n			<td>\n			<p>white</p>\n			</td>\n		</tr>\n	</tbody>\n</table>\n\n<p>&nbsp;</p>\n'),
(62,	1,	'pl',	'Flair Eko',	'Flair ECO is a matt acrylic paint for walls and ceilings. Provides snow-white coats which allow the walls to ‘breathe’ fully.',	'<p><em>Description:</em></p>\n\n<p>ŚNIEŻKA ECO is a matt acrylic paint for walls and ceilings. Provides snow-white coats which allow the walls to &lsquo;breathe&rsquo; fully.</p>\n\n<p><em>Application:</em></p>\n\n<p>The paint is intended for decorative and protective painting of indoor walls and ceilings made of cement, lime-cement, lime and gypsum plasterwork, plasterboards, wood and wood-based materials. The product gives matt snow-white coatings, which allow for &ldquo;full breathing&rdquo; of the walls.</p>\n\n<p><em>Benefits:</em></p>\n\n<ol>\n	<li>\n	<p>Vapour-permeable</p>\n	</li>\n	<li>\n	<p>Easy application and perfect hiding power</p>\n	</li>\n	<li>\n	<p>Optimum yield: 13m&sup2;/l*</p>\n	</li>\n</ol>\n\n<p><em>Painting:</em></p>\n\n<p>&middot; Carry out painting works indoors at the ambient and substrate temperature over +10&ordm;C. &middot; Apply the two coats of paint by using a paintbrush, a roller or spraying method (not primed substrates - 3 coats) the second coat after the first one has dried out, i.e. after 2-4 hours.</p>\n\n<p>&middot; Clean the tools after completion of painting works.</p>\n\n<table border=\"1\" cellpadding=\"1\" cellspacing=\"0\" style=\"width:590px\">\n	<tbody>\n		<tr>\n			<td>\n			<p><strong>YIELD</strong></p>\n			</td>\n			<td>\n			<p>to 13&nbsp;m&sup2;/L&nbsp;with one painting only</p>\n			</td>\n		</tr>\n		<tr>\n			<td>\n			<p>CONTAINERS</p>\n			</td>\n			<td>\n			<p>10l</p>\n			</td>\n		</tr>\n		<tr>\n			<td>\n			<p>Number of coats</p>\n			</td>\n			<td>\n			<p>2 coats</p>\n			</td>\n		</tr>\n		<tr>\n			<td>\n			<p>COLOURS</p>\n			</td>\n			<td>\n			<p>white</p>\n			</td>\n		</tr>\n	</tbody>\n</table>\n\n<p>&nbsp;</p>\n'),
(63,	1,	'pl',	'Flair Eko',	'Flair ECO is a matt acrylic paint for walls and ceilings. Provides snow-white coats which allow the walls to ‘breathe’ fully.',	'<p><em>Description:</em></p>\n\n<p>ŚNIEŻKA ECO is a matt acrylic paint for walls and ceilings. Provides snow-white coats which allow the walls to &lsquo;breathe&rsquo; fully.</p>\n\n<p><em>Application:</em></p>\n\n<p>The paint is intended for decorative and protective painting of indoor walls and ceilings made of cement, lime-cement, lime and gypsum plasterwork, plasterboards, wood and wood-based materials. The product gives matt snow-white coatings, which allow for &ldquo;full breathing&rdquo; of the walls.</p>\n\n<p><em>Benefits:</em></p>\n\n<ol>\n	<li>\n	<p>Vapour-permeable</p>\n	</li>\n	<li>\n	<p>Easy application and perfect hiding power</p>\n	</li>\n	<li>\n	<p>Optimum yield: 13m&sup2;/l*</p>\n	</li>\n</ol>\n\n<p><em>Painting:</em></p>\n\n<p>&middot; Carry out painting works indoors at the ambient and substrate temperature over +10&ordm;C. &middot; Apply the two coats of paint by using a paintbrush, a roller or spraying method (not primed substrates - 3 coats) the second coat after the first one has dried out, i.e. after 2-4 hours.</p>\n\n<p>&middot; Clean the tools after completion of painting works.</p>\n\n<table border=\"1\" cellpadding=\"1\" cellspacing=\"0\" style=\"width:590px\">\n	<tbody>\n		<tr>\n			<td>\n			<p><strong>YIELD</strong></p>\n			</td>\n			<td>\n			<p>to 13&nbsp;m&sup2;/L&nbsp;with one painting only</p>\n			</td>\n		</tr>\n		<tr>\n			<td>\n			<p>CONTAINERS</p>\n			</td>\n			<td>\n			<p>10l</p>\n			</td>\n		</tr>\n		<tr>\n			<td>\n			<p>Number of coats</p>\n			</td>\n			<td>\n			<p>2 coats</p>\n			</td>\n		</tr>\n		<tr>\n			<td>\n			<p>COLOURS</p>\n			</td>\n			<td>\n			<p>white</p>\n			</td>\n		</tr>\n	</tbody>\n</table>\n\n<p>&nbsp;</p>\n'),
(64,	1,	'pl',	'Flair Eko',	'Flair ECO is a matt acrylic paint for walls and ceilings. Provides snow-white coats which allow the walls to ‘breathe’ fully.',	'<p><em>Description:</em></p>\n\n<p>Flair ECO is a matt acrylic paint for walls and ceilings. Provides snow-white coats which allow the walls to &lsquo;breathe&rsquo; fully.</p>\n\n<p><em>Application:</em></p>\n\n<p>The paint is intended for decorative and protective painting of indoor walls and ceilings made of cement, lime-cement, lime and gypsum plasterwork, plasterboards, wood and wood-based materials. The product gives matt snow-white coatings, which allow for &ldquo;full breathing&rdquo; of the walls.</p>\n\n<p><em>Benefits:</em></p>\n\n<ol>\n	<li>\n	<p>Vapour-permeable</p>\n	</li>\n	<li>\n	<p>Easy application and perfect hiding power</p>\n	</li>\n	<li>\n	<p>Optimum yield: 13m&sup2;/l*</p>\n	</li>\n</ol>\n\n<p><em>Painting:</em></p>\n\n<p>&middot; Carry out painting works indoors at the ambient and substrate temperature over +10&ordm;C. &middot; Apply the two coats of paint by using a paintbrush, a roller or spraying method (not primed substrates - 3 coats) the second coat after the first one has dried out, i.e. after 2-4 hours.</p>\n\n<p>&middot; Clean the tools after completion of painting works.</p>\n\n<table border=\"1\" cellpadding=\"1\" cellspacing=\"0\" style=\"width:590px\">\n	<tbody>\n		<tr>\n			<td>\n			<p><strong>YIELD</strong></p>\n			</td>\n			<td>\n			<p>to 13&nbsp;m&sup2;/L&nbsp;with one painting only</p>\n			</td>\n		</tr>\n		<tr>\n			<td>\n			<p>CONTAINERS</p>\n			</td>\n			<td>\n			<p>10l</p>\n			</td>\n		</tr>\n		<tr>\n			<td>\n			<p>Number of coats</p>\n			</td>\n			<td>\n			<p>2 coats</p>\n			</td>\n		</tr>\n		<tr>\n			<td>\n			<p>COLOURS</p>\n			</td>\n			<td>\n			<p>white</p>\n			</td>\n		</tr>\n	</tbody>\n</table>\n\n<p>&nbsp;</p>\n'),
(65,	1,	'pl',	'Flair Eko',	'Flair ECO is a matt acrylic paint for walls and ceilings. Provides snow-white coats which allow the walls to ‘breathe’ fully.',	'<p><em>Description:</em></p>\n\n<p>Flair ECO is a matt acrylic paint for walls and ceilings. Provides snow-white coats which allow the walls to &lsquo;breathe&rsquo; fully.</p>\n\n<p><em>Application:</em></p>\n\n<p>The paint is intended for decorative and protective painting of indoor walls and ceilings made of cement, lime-cement, lime and gypsum plasterwork, plasterboards, wood and wood-based materials. The product gives matt snow-white coatings, which allow for &ldquo;full breathing&rdquo; of the walls.</p>\n\n<p><em>Benefits:</em></p>\n\n<ol>\n	<li>\n	<p>Vapour-permeable</p>\n	</li>\n	<li>\n	<p>Easy application and perfect hiding power</p>\n	</li>\n	<li>\n	<p>Optimum yield: 13m&sup2;/l*</p>\n	</li>\n</ol>\n\n<p><em>Painting:</em></p>\n\n<p>&middot; Carry out painting works indoors at the ambient and substrate temperature over +10&ordm;C. &middot; Apply the two coats of paint by using a paintbrush, a roller or spraying method (not primed substrates - 3 coats) the second coat after the first one has dried out, i.e. after 2-4 hours.</p>\n\n<p>&middot; Clean the tools after completion of painting works.</p>\n\n<table border=\"1\" cellpadding=\"1\" cellspacing=\"0\" style=\"width:590px\">\n	<tbody>\n		<tr>\n			<td>\n			<p><strong>YIELD</strong></p>\n			</td>\n			<td>\n			<p>to 13&nbsp;m&sup2;/L&nbsp;with one painting only</p>\n			</td>\n		</tr>\n		<tr>\n			<td>\n			<p>CONTAINERS</p>\n			</td>\n			<td>\n			<p>10l</p>\n			</td>\n		</tr>\n		<tr>\n			<td>\n			<p>Number of coats</p>\n			</td>\n			<td>\n			<p>2 coats</p>\n			</td>\n		</tr>\n		<tr>\n			<td>\n			<p>COLOURS</p>\n			</td>\n			<td>\n			<p>white</p>\n			</td>\n		</tr>\n	</tbody>\n</table>\n\n<p>&nbsp;</p>\n'),
(66,	1,	'pl',	'Flair Eko',	'Flair ECO is a matt acrylic paint for walls and ceilings. Provides snow-white coats which allow the walls to ‘breathe’ fully.',	'<p><em>Description:</em></p>\n\n<p>Flair ECO is a matt acrylic paint for walls and ceilings. Provides snow-white coats which allow the walls to &lsquo;breathe&rsquo; fully.</p>\n\n<p><em>Application:</em></p>\n\n<p>The paint is intended for decorative and protective painting of indoor walls and ceilings made of cement, lime-cement, lime and gypsum plasterwork, plasterboards, wood and wood-based materials. The product gives matt snow-white coatings, which allow for &ldquo;full breathing&rdquo; of the walls.</p>\n\n<p><em>Benefits:</em></p>\n\n<ol>\n	<li>\n	<p>Vapour-permeable</p>\n	</li>\n	<li>\n	<p>Easy application and perfect hiding power</p>\n	</li>\n	<li>\n	<p>Optimum yield: 13m&sup2;/l*</p>\n	</li>\n</ol>\n\n<p><em>Painting:</em></p>\n\n<p>&middot; Carry out painting works indoors at the ambient and substrate temperature over +10&ordm;C. &middot; Apply the two coats of paint by using a paintbrush, a roller or spraying method (not primed substrates - 3 coats) the second coat after the first one has dried out, i.e. after 2-4 hours.</p>\n\n<p>&middot; Clean the tools after completion of painting works.</p>\n\n<table border=\"1\" cellpadding=\"1\" cellspacing=\"0\" style=\"width:590px\">\n	<tbody>\n		<tr>\n			<td>\n			<p><strong>YIELD</strong></p>\n			</td>\n			<td>\n			<p>to 13&nbsp;m&sup2;/L&nbsp;with one painting only</p>\n			</td>\n		</tr>\n		<tr>\n			<td>\n			<p>CONTAINERS</p>\n			</td>\n			<td>\n			<p>10l</p>\n			</td>\n		</tr>\n		<tr>\n			<td>\n			<p>Number of coats</p>\n			</td>\n			<td>\n			<p>2 coats</p>\n			</td>\n		</tr>\n		<tr>\n			<td>\n			<p>COLOURS</p>\n			</td>\n			<td>\n			<p>white</p>\n			</td>\n		</tr>\n	</tbody>\n</table>\n\n<p>&nbsp;</p>\n'),
(71,	20,	'pl',	'',	'',	''),
(72,	21,	'pl',	'',	'',	''),
(73,	22,	'pl',	'',	'',	''),
(74,	23,	'pl',	'',	'',	''),
(75,	23,	'pl',	'',	'',	''),
(76,	20,	'en',	'',	'',	''),
(77,	25,	'pl',	'',	'',	''),
(78,	25,	'se',	'',	'',	''),
(79,	25,	'it',	'FOVEO TECH  PA 10  PITTURA DI FONDO',	'Le pitture di fondo vengono usate per migliorare l\'adesione degli intonaci, riducono l\'assorbimento dei supporti e permettono di realizzare correttamente un intonaco a basso spessore. Riduce il rischio delle difformità di colore sulla superficie. Il fondo',	'<p><em><strong>CAMPI D&#39;APPLICAZIONE</strong></em></p>\n\n<p>Le pitture di fondo vengono usate per migliorare l&#39;adesione degli intonaci, riducono l&#39;assorbimento dei supporti e permettono di realizzare correttamente un intonaco a basso spessore. Riduce il rischio delle difformit&agrave; di colore sulla superficie. Il fondo fa parte dei Sistemi di Isolamento Termico a Capotto FOVEO TECH S o FOVEO TECH W come strato di fondo: sotto intonaci minerali, acrilici, acrilico-siliconici, silicato-silicone nonch&eacute; sotto intonaci a mosaico e normali intonaci cementizi . &Egrave; previsto per l&#39;uso interno ed esterno. Pu&ograve; essere applicato su superfici in calcestruzzo, cemento-calce, gesso, cartongesso, pannelli di truciolato ecc.</p>\n\n<p><em><strong>PREPARAZIONE DEI SUPPORTI</strong></em></p>\n\n<p>I supporti devono essere planari, asciutti, stabili, puliti da polvere e residui, esenti da aggressioni biologiche (funghi, muffe, muschi), chimiche ecc. Pulire qualsiasi tipo di residui con un getto d&#39;acqua in pressione. Asportare vecchi intonaci e pitture inconsistenti. Riempire gli spazzi vuoti con la Malta Adesiva&nbsp; KS 10, KS 20 o KU 11, KU 21&nbsp; (max fino a 6,0 mm in uno strato) o con una malta standard per murature. Su supporti instabili, molto assorbenti e sfarinanti (ossia lascianti tracce di polvere dopo strofinamento con la mano), ai fini di rinforzarli, applicare il Primer Acrilico GA10 [Grunt Akrylowy GA10].&nbsp; Verniciare gli intonaci freschi o in malta bastarda non prima di 28 giorni dalla data della loro realizzazione, il calcestruzzo non prima di 3 mesi, la rasatura&nbsp; del sistema di isolamento termico, stagionare almeno per 3 giorni. L&#39;umidit&agrave; di tutti i supporti deve essere stabilizzata e il processo di indurimento terminato.</p>\n\n<p><em><strong>MODO D&#39;APPLICAZIONE </strong></em></p>\n\n<p>Miscelare la pittura di&nbsp; fondo accuratamente e applicarlo a mezzo di un pennello. In caso di necessit&agrave;&nbsp; diluirlo aggiungendo fino ad un massimo del 5% di acqua. Il tempo di attesa &egrave; ca. di 2 ore in funzione delle condizioni dell&#39;applicazione (temperatura dell&#39;ambiente, umidit&agrave; dell&#39;aria, assorbimento del supporto ecc.). In caso di applicazione sotto intonaci scuri acrilici, acrilico-siliconici, silicato-silicone o a mosaico, la vernice deve essere colorata con pigmenti&nbsp; simili al colore dell&#39;intonaco, per evitare trasparenze in caso di sbucciature sull&#39;intonaco.</p>\n\n<p>&nbsp;</p>\n\n<table border=\"1\" cellpadding=\"1\" cellspacing=\"0\" style=\"width:541px\">\n	<tbody>\n		<tr>\n			<td>\n			<p><em><strong>RESA</strong></em></p>\n			</td>\n			<td>\n			<p>ca. 0,3 kg/m&sup2; , in funzione delle caratteristiche del supporto</p>\n			</td>\n		</tr>\n		<tr>\n			<td>\n			<p><em>CONTENITORI</em></p>\n			</td>\n			<td>\n			<p><em>10l</em></p>\n			</td>\n		</tr>\n		<tr>\n			<td>\n			<p><em>NUMERO DI STRATI</em></p>\n			</td>\n			<td>\n			<p><em>1 coats</em></p>\n			</td>\n		</tr>\n		<tr>\n			<td>\n			<p><em>COLORE</em></p>\n			</td>\n			<td>\n			<p><em>Bianco</em></p>\n			</td>\n		</tr>\n	</tbody>\n</table>\n\n<p><em>&nbsp;<a href=\"http://www.flaircolori.it/home/14-foveo-tech-pa-10.html\" target=\"_blank\"><img alt=\"\" src=\"/user_files/images/kup%20online%20it.jpg\" style=\"height:54px; width:620px\" /></a></em></p>\n'),
(80,	25,	'pl',	'',	'',	''),
(81,	25,	'pl',	'',	'',	''),
(82,	25,	'pl',	'',	'',	''),
(83,	1,	'pl',	'Flair Eko',	'Flair ECO is a matt acrylic paint for walls and ceilings. Provides snow-white coats which allow the walls to ‘breathe’ fully.',	'<p><em>Description:</em></p>\n\n<p>Flair ECO is a matt acrylic paint for walls and ceilings. Provides snow-white coats which allow the walls to &lsquo;breathe&rsquo; fully.</p>\n\n<p><em>Application:</em></p>\n\n<p>The paint is intended for decorative and protective painting of indoor walls and ceilings made of cement, lime-cement, lime and gypsum plasterwork, plasterboards, wood and wood-based materials. The product gives matt snow-white coatings, which allow for &ldquo;full breathing&rdquo; of the walls.</p>\n\n<p><em>Benefits:</em></p>\n\n<ol>\n	<li>\n	<p>Vapour-permeable</p>\n	</li>\n	<li>\n	<p>Easy application and perfect hiding power</p>\n	</li>\n	<li>\n	<p>Optimum yield: 13m&sup2;/l*</p>\n	</li>\n</ol>\n\n<p><em>Painting:</em></p>\n\n<p>&middot; Carry out painting works indoors at the ambient and substrate temperature over +10&ordm;C. &middot; Apply the two coats of paint by using a paintbrush, a roller or spraying method (not primed substrates - 3 coats) the second coat after the first one has dried out, i.e. after 2-4 hours.</p>\n\n<p>&middot; Clean the tools after completion of painting works.</p>\n\n<table border=\"1\" cellpadding=\"1\" cellspacing=\"0\" style=\"width:590px\">\n	<tbody>\n		<tr>\n			<td>\n			<p><strong>YIELD</strong></p>\n			</td>\n			<td>\n			<p>to 13&nbsp;m&sup2;/L&nbsp;with one painting only</p>\n			</td>\n		</tr>\n		<tr>\n			<td>\n			<p>CONTAINERS</p>\n			</td>\n			<td>\n			<p>10l</p>\n			</td>\n		</tr>\n		<tr>\n			<td>\n			<p>Number of coats</p>\n			</td>\n			<td>\n			<p>2 coats</p>\n			</td>\n		</tr>\n		<tr>\n			<td>\n			<p>COLOURS</p>\n			</td>\n			<td>\n			<p>white</p>\n			</td>\n		</tr>\n	</tbody>\n</table>\n\n<p>&nbsp;</p>\n'),
(84,	1,	'pl',	'Flair Eko',	'Flair ECO is a matt acrylic paint for walls and ceilings. Provides snow-white coats which allow the walls to ‘breathe’ fully.',	'<p><em>Description:</em></p>\n\n<p>Flair ECO is a matt acrylic paint for walls and ceilings. Provides snow-white coats which allow the walls to &lsquo;breathe&rsquo; fully.</p>\n\n<p><em>Application:</em></p>\n\n<p>The paint is intended for decorative and protective painting of indoor walls and ceilings made of cement, lime-cement, lime and gypsum plasterwork, plasterboards, wood and wood-based materials. The product gives matt snow-white coatings, which allow for &ldquo;full breathing&rdquo; of the walls.</p>\n\n<p><em>Benefits:</em></p>\n\n<ol>\n	<li>\n	<p>Vapour-permeable</p>\n	</li>\n	<li>\n	<p>Easy application and perfect hiding power</p>\n	</li>\n	<li>\n	<p>Optimum yield: 13m&sup2;/l*</p>\n	</li>\n</ol>\n\n<p><em>Painting:</em></p>\n\n<p>&middot; Carry out painting works indoors at the ambient and substrate temperature over +10&ordm;C. &middot; Apply the two coats of paint by using a paintbrush, a roller or spraying method (not primed substrates - 3 coats) the second coat after the first one has dried out, i.e. after 2-4 hours.</p>\n\n<p>&middot; Clean the tools after completion of painting works.</p>\n\n<table border=\"1\" cellpadding=\"1\" cellspacing=\"0\" style=\"width:590px\">\n	<tbody>\n		<tr>\n			<td>\n			<p><strong>YIELD</strong></p>\n			</td>\n			<td>\n			<p>to 13&nbsp;m&sup2;/L&nbsp;with one painting only</p>\n			</td>\n		</tr>\n		<tr>\n			<td>\n			<p>CONTAINERS</p>\n			</td>\n			<td>\n			<p>10l</p>\n			</td>\n		</tr>\n		<tr>\n			<td>\n			<p>Number of coats</p>\n			</td>\n			<td>\n			<p>2 coats</p>\n			</td>\n		</tr>\n		<tr>\n			<td>\n			<p>COLOURS</p>\n			</td>\n			<td>\n			<p>white</p>\n			</td>\n		</tr>\n	</tbody>\n</table>\n\n<p>&nbsp;</p>\n'),
(85,	1,	'pl',	'Flair Eko',	'Flair ECO is a matt acrylic paint for walls and ceilings. Provides snow-white coats which allow the walls to ‘breathe’ fully.',	'<p><em>Description:</em></p>\n\n<p>Flair ECO is a matt acrylic paint for walls and ceilings. Provides snow-white coats which allow the walls to &lsquo;breathe&rsquo; fully.</p>\n\n<p><em>Application:</em></p>\n\n<p>The paint is intended for decorative and protective painting of indoor walls and ceilings made of cement, lime-cement, lime and gypsum plasterwork, plasterboards, wood and wood-based materials. The product gives matt snow-white coatings, which allow for &ldquo;full breathing&rdquo; of the walls.</p>\n\n<p><em>Benefits:</em></p>\n\n<ol>\n	<li>\n	<p>Vapour-permeable</p>\n	</li>\n	<li>\n	<p>Easy application and perfect hiding power</p>\n	</li>\n	<li>\n	<p>Optimum yield: 13m&sup2;/l*</p>\n	</li>\n</ol>\n\n<p><em>Painting:</em></p>\n\n<p>&middot; Carry out painting works indoors at the ambient and substrate temperature over +10&ordm;C. &middot; Apply the two coats of paint by using a paintbrush, a roller or spraying method (not primed substrates - 3 coats) the second coat after the first one has dried out, i.e. after 2-4 hours.</p>\n\n<p>&middot; Clean the tools after completion of painting works.</p>\n\n<table border=\"1\" cellpadding=\"1\" cellspacing=\"0\" style=\"width:590px\">\n	<tbody>\n		<tr>\n			<td>\n			<p><strong>YIELD</strong></p>\n			</td>\n			<td>\n			<p>to 13&nbsp;m&sup2;/L&nbsp;with one painting only</p>\n			</td>\n		</tr>\n		<tr>\n			<td>\n			<p>CONTAINERS</p>\n			</td>\n			<td>\n			<p>10l</p>\n			</td>\n		</tr>\n		<tr>\n			<td>\n			<p>Number of coats</p>\n			</td>\n			<td>\n			<p>2 coats</p>\n			</td>\n		</tr>\n		<tr>\n			<td>\n			<p>COLOURS</p>\n			</td>\n			<td>\n			<p>white</p>\n			</td>\n		</tr>\n	</tbody>\n</table>\n\n<p>&nbsp;</p>\n'),
(86,	1,	'pl',	'Flair Eko',	'Flair ECO is a matt acrylic paint for walls and ceilings. Provides snow-white coats which allow the walls to ‘breathe’ fully.',	'<p><em>Description:</em></p>\n\n<p>Flair ECO is a matt acrylic paint for walls and ceilings. Provides snow-white coats which allow the walls to &lsquo;breathe&rsquo; fully.</p>\n\n<p><em>Application:</em></p>\n\n<p>The paint is intended for decorative and protective painting of indoor walls and ceilings made of cement, lime-cement, lime and gypsum plasterwork, plasterboards, wood and wood-based materials. The product gives matt snow-white coatings, which allow for &ldquo;full breathing&rdquo; of the walls.</p>\n\n<p><em>Benefits:</em></p>\n\n<ol>\n	<li>\n	<p>Vapour-permeable</p>\n	</li>\n	<li>\n	<p>Easy application and perfect hiding power</p>\n	</li>\n	<li>\n	<p>Optimum yield: 13m&sup2;/l*</p>\n	</li>\n</ol>\n\n<p><em>Painting:</em></p>\n\n<p>&middot; Carry out painting works indoors at the ambient and substrate temperature over +10&ordm;C. &middot; Apply the two coats of paint by using a paintbrush, a roller or spraying method (not primed substrates - 3 coats) the second coat after the first one has dried out, i.e. after 2-4 hours.</p>\n\n<p>&middot; Clean the tools after completion of painting works.</p>\n\n<table border=\"1\" cellpadding=\"1\" cellspacing=\"0\" style=\"width:590px\">\n	<tbody>\n		<tr>\n			<td>\n			<p><strong>YIELD</strong></p>\n			</td>\n			<td>\n			<p>to 13&nbsp;m&sup2;/L&nbsp;with one painting only</p>\n			</td>\n		</tr>\n		<tr>\n			<td>\n			<p>CONTAINERS</p>\n			</td>\n			<td>\n			<p>10l</p>\n			</td>\n		</tr>\n		<tr>\n			<td>\n			<p>Number of coats</p>\n			</td>\n			<td>\n			<p>2 coats</p>\n			</td>\n		</tr>\n		<tr>\n			<td>\n			<p>COLOURS</p>\n			</td>\n			<td>\n			<p>white</p>\n			</td>\n		</tr>\n	</tbody>\n</table>\n\n<p>&nbsp;</p>\n'),
(87,	1,	'en',	'Flair Eko',	'Flair ECO is a matt acrylic paint for walls and ceilings. Provides snow-white coats which allow the walls to ‘breathe’ fully.',	'<p><em>Description:</em></p>\n\n<p>Flair ECO is a matt acrylic paint for walls and ceilings. Provides snow-white coats which allow the walls to &lsquo;breathe&rsquo; fully.</p>\n\n<p><em>Application:</em></p>\n\n<p>The paint is intended for decorative and protective painting of indoor walls and ceilings made of cement, lime-cement, lime and gypsum plasterwork, plasterboards, wood and wood-based materials. The product gives matt snow-white coatings, which allow for &ldquo;full breathing&rdquo; of the walls.</p>\n\n<p><em>Benefits:</em></p>\n\n<ol>\n	<li>\n	<p>Vapour-permeable</p>\n	</li>\n	<li>\n	<p>Easy application and perfect hiding power</p>\n	</li>\n	<li>\n	<p>Optimum yield: 13m&sup2;/l*</p>\n	</li>\n</ol>\n\n<p><em>Painting:</em></p>\n\n<p>&middot; Carry out painting works indoors at the ambient and substrate temperature over +10&ordm;C. &middot; Apply the two coats of paint by using a paintbrush, a roller or spraying method (not primed substrates - 3 coats) the second coat after the first one has dried out, i.e. after 2-4 hours.</p>\n\n<p>&middot; Clean the tools after completion of painting works.</p>\n\n<table border=\"1\" cellpadding=\"1\" cellspacing=\"0\" style=\"width:590px\">\n	<tbody>\n		<tr>\n			<td>\n			<p><strong>YIELD</strong></p>\n			</td>\n			<td>\n			<p>to 13&nbsp;m&sup2;/L&nbsp;with one painting only</p>\n			</td>\n		</tr>\n		<tr>\n			<td>\n			<p>CONTAINERS</p>\n			</td>\n			<td>\n			<p>10l</p>\n			</td>\n		</tr>\n		<tr>\n			<td>\n			<p>Number of coats</p>\n			</td>\n			<td>\n			<p>2 coats</p>\n			</td>\n		</tr>\n		<tr>\n			<td>\n			<p>COLOURS</p>\n			</td>\n			<td>\n			<p>white</p>\n			</td>\n		</tr>\n	</tbody>\n</table>\n\n<p>&nbsp;</p>\n'),
(88,	19,	'en',	'',	'',	''),
(89,	3,	'en',	'Flair Vernissage',	'<p>Flair Vernissage is a latex paint which features excellent coverage, high efficiency and easy application. A specially selected system of thickeners and agents provides optimal work comfort &ndash; the paint does not splatter during application. Thanks',	'<p><em>Description:</em></p>\n\n<p>Flair Vernissage is a latex paint which features excellent coverage, high efficiency and easy application. A specially selected system of thickeners and agents provides optimal work comfort &ndash; the paint does not splatter during application. Thanks to a special technology applied in the paint, so called - &lsquo;optical masking of light reflection&rsquo;, through very low gloss degree, the coat obtained is ideal as far as aesthetic value is concerned. Upon antireflective coats with such a low gloss degree, all surface irregularities are eliminated since the light is scattered when falling upon the wall and does not emphasize them. Forms coats resistant to scrubbing and multiple washing. Additionally, the paint contains very low of VOC (max. 5g/l).</p>\n\n<p><em>Application:</em></p>\n\n<p>Decorative painting of indoor walls and ceilings made of: cement, cement-lime, gypsum plasterwork, brick, plasterboards, wooden and wood-based surfaces, as well as fibreglass wallpapers, including glass fibre reinforced wallpapers.</p>\n\n<p><em>Benefits:</em></p>\n\n<p>1. Resistant to scrubbing and frequent washing.</p>\n\n<p>2. Anti-reflective matt coating.</p>\n\n<p>3. Superb yield: up to 14m&sup2;/l*; perfeft hiding power.</p>\n\n<p>4. Splash-free application.</p>\n\n<p>5. Low VOC: Green Idea.</p>\n\n<p>6. White.</p>\n\n<p><em>Painting:</em></p>\n\n<ul>\n	<li>\n	<p>Carry out painting works indoors at the ambient and substrate temperature between +10&ordm;C and +30&ordm;C.</p>\n	</li>\n	<li>\n	<p>Apply with a roller, a paintbrush or a hydrodynamic spraying method 1-2 coats every 2-4 hours.</p>\n	</li>\n	<li>\n	<p>Apply carefully and uniformly the same amount of paint on a selected section of the wall or the ceiling. Carry out the last stroke of the roller towards one direction.</p>\n	</li>\n	<li>\n	<p>Clean the tools with water after completion of painting works.</p>\n	</li>\n</ul>\n\n<p>The coat obtains its full resistance properties 28 days after completion of painting works.</p>\n\n<p>&nbsp;</p>\n\n<p>&nbsp;</p>\n\n<table border=\"1\" cellpadding=\"1\" cellspacing=\"0\" style=\"width:541px\">\n	<tbody>\n		<tr>\n			<td>\n			<p><strong>YIELD</strong></p>\n			</td>\n			<td>\n			<p>up to <strong>14 m&sup2;/l </strong>in one layer</p>\n			</td>\n		</tr>\n		<tr>\n			<td>\n			<p>CONTAINERS</p>\n			</td>\n			<td>\n			<p>10l</p>\n			</td>\n		</tr>\n		<tr>\n			<td>\n			<p>Number of coats</p>\n			</td>\n			<td>\n			<p>2 coats</p>\n			</td>\n		</tr>\n		<tr>\n			<td>\n			<p>COLOURS</p>\n			</td>\n			<td>\n			<p>SNOW-WHITE</p>\n			</td>\n		</tr>\n	</tbody>\n</table>\n\n<p>&nbsp;</p>\n'),
(90,	23,	'en',	'',	'',	''),
(91,	22,	'en',	'',	'',	''),
(92,	25,	'en',	'',	'',	''),
(93,	21,	'en',	'',	'',	'');

DROP TABLE IF EXISTS `duo_settings`;
CREATE TABLE `duo_settings` (
  `name` varchar(50) COLLATE utf8_unicode_ci NOT NULL,
  `value` varchar(500) COLLATE utf8_unicode_ci NOT NULL,
  PRIMARY KEY (`name`)
) ENGINE=InnoDB DEFAULT CHARSET=utf8 COLLATE=utf8_unicode_ci;


DROP TABLE IF EXISTS `duo_translation`;
CREATE TABLE `duo_translation` (
  `id` int(10) unsigned NOT NULL AUTO_INCREMENT,
  `lang` varchar(2) COLLATE utf8_bin NOT NULL,
  `key` varchar(255) COLLATE utf8_bin NOT NULL,
  `value` varchar(255) COLLATE utf8_bin NOT NULL,
  PRIMARY KEY (`id`),
  UNIQUE KEY `lang_key` (`lang`,`key`)
) ENGINE=InnoDB DEFAULT CHARSET=utf8 COLLATE=utf8_bin;

INSERT INTO `duo_translation` (`id`, `lang`, `key`, `value`) VALUES
(1,	'en',	'Contact form',	'Contact form'),
(2,	'en',	'Name and surname',	'Name and surname'),
(3,	'en',	'Phone number:',	'Phone number:'),
(4,	'en',	'E-mail address',	'E-mail address'),
(5,	'en',	'Your message',	'Your message'),
(6,	'en',	'Rewrite text',	'Rewrite text'),
(21,	'en',	'Witaj w panelu administracyjnym DuoCMS',	'Witaj w panelu administracyjnym DuoCMS'),
(22,	'en',	'DuoCMS v2.5',	'DuoCMS v2.5'),
(43,	'en',	'Brand',	'Brand'),
(44,	'en',	'Products',	'Products'),
(45,	'en',	'Technical tips',	'Technical tips'),
(46,	'en',	'Contact',	'Contact'),
(47,	'se',	'Brand',	'Märke'),
(48,	'se',	'Products',	'Produkter'),
(49,	'se',	'Technical tips',	'Tekniska råd'),
(50,	'se',	'Contact',	'Kontakt'),
(51,	'se',	'Name and surname',	'För- och efternamn'),
(52,	'se',	'Phone number:',	'Telefonnummer'),
(53,	'se',	'E-mail address',	'E-postadress'),
(54,	'se',	'Your message',	'Ditt meddelande'),
(55,	'se',	'Rewrite text',	'Skriv om text'),
(56,	'se',	'Send',	'Skicka'),
(68,	'en',	'Send',	'Send'),
(70,	'se',	'Contact form',	'Kontaktformulär'),
(75,	'en',	'produkty',	''),
(77,	'en',	'Main Page',	'Main Page'),
(84,	'en',	'Read more',	'Read more'),
(85,	'se',	'Read more',	'Läs mer'),
(86,	'en',	'Sorry',	'Sorry, no tips.'),
(87,	'se',	'Sorry',	'Tyvärr, inga råd hittades.'),
(89,	'en',	'Main',	'Main Page'),
(90,	'se',	'Main',	'Huvudsida'),
(92,	'en',	'View More',	'View More'),
(93,	'se',	'View More',	'Visa mer\r\n'),
(95,	'se',	'produkty',	'Produkter'),
(96,	'se',	'products',	'Produkter'),
(97,	'it',	'products',	'Prodotti'),
(98,	'it',	'Brand',	'Marca'),
(99,	'it',	'Products',	'Prodotti'),
(100,	'it',	'Technical tips',	'Consigli tecnici'),
(101,	'it',	'Contact',	'Contatto'),
(102,	'it',	'Read more',	'Leggi di più'),
(103,	'it',	'Main',	'Principale'),
(104,	'it',	'Contact form',	'Modulo di Contatto'),
(105,	'it',	'Name and surname',	'Nome e cognome'),
(106,	'it',	'Phone number:',	'Numero di telefono:'),
(107,	'it',	'E-mail address',	'Indirizzo email'),
(108,	'it',	'Your message',	'Il tuo messaggio'),
(109,	'it',	'Rewrite text',	'Il testo di riscrittura'),
(110,	'it',	'Send',	'Inviare'),
(111,	'it',	'Witaj w panelu administracyjnym DuoCMS',	''),
(112,	'it',	'DuoCMS v2.5',	''),
(113,	'en',	'products',	''),
(114,	'it',	'View More',	'Vedere altre'),
(115,	'it',	'Sorry',	'Spiacente, nessun punte.');

DROP TABLE IF EXISTS `duo_user`;
CREATE TABLE `duo_user` (
  `id` int(10) unsigned NOT NULL AUTO_INCREMENT,
  `email` varchar(50) COLLATE utf8_unicode_ci NOT NULL,
  `password` varchar(32) COLLATE utf8_unicode_ci NOT NULL,
  `name` varchar(15) COLLATE utf8_unicode_ci NOT NULL,
  PRIMARY KEY (`id`),
  UNIQUE KEY `login` (`email`)
) ENGINE=InnoDB DEFAULT CHARSET=utf8 COLLATE=utf8_unicode_ci;

INSERT INTO `duo_user` (`id`, `email`, `password`, `name`) VALUES
(1,	'duonet',	'0d264b64abb4b3e92d80cf56e0eb5420',	'Duonet'),
(2,	'flair',	'409338c806b06bfbf81de18a6e7f54e7',	'flair');

DROP VIEW IF EXISTS `duo_view_menu_items`;
CREATE TABLE `duo_view_menu_items` (`id` int(10) unsigned, `parent_id` int(10) unsigned, `order` int(11), `alias` varchar(255), `name` varchar(255), `view` varchar(50), `route_key` varchar(50), `fieldname` varchar(50), `value` varchar(500));


DROP TABLE IF EXISTS `duo_wizerunek`;
CREATE TABLE `duo_wizerunek` (
  `id` int(10) unsigned NOT NULL AUTO_INCREMENT,
  `order` tinyint(4) NOT NULL,
  `name` varchar(50) COLLATE utf8_unicode_ci DEFAULT NULL,
  `image1` varchar(255) COLLATE utf8_unicode_ci DEFAULT NULL,
  `image2` varchar(255) COLLATE utf8_unicode_ci DEFAULT NULL,
  `link` varchar(50) COLLATE utf8_unicode_ci DEFAULT NULL,
  KEY `id` (`id`)
) ENGINE=InnoDB DEFAULT CHARSET=utf8 COLLATE=utf8_unicode_ci;

INSERT INTO `duo_wizerunek` (`id`, `order`, `name`, `image1`, `image2`, `link`) VALUES
(116,	2,	'Farba Flair Vernisage',	'wiz_bg.jpg',	'flair2_vernissage_cmyk.png',	'http://flairpaints.com/produkt/3-flair-vernissage'),
(117,	1,	'Farba Flair Eko',	'wiz_bg.jpg',	'flair2_eko_rgba.png',	'http:/flairpaints.com/produkt/1-flair-eko');

DROP TABLE IF EXISTS `duo_view_menu_items`;
CREATE ALGORITHM=UNDEFINED SQL SECURITY DEFINER VIEW `duo_view_menu_items` AS select `menu_items`.`id` AS `id`,`menu_items`.`parent_id` AS `parent_id`,`menu_items`.`order` AS `order`,`menu_items`.`alias` AS `alias`,`menu_items`.`name` AS `name`,`menu_item_types`.`view` AS `view`,`menu_item_types`.`route_key` AS `route_key`,`menu_item_type_fields`.`fieldname` AS `fieldname`,`menu_item_type_fields`.`value` AS `value` from ((`duo_menu_items` `menu_items` join `duo_menu_item_types` `menu_item_types` on((`menu_items`.`type_id` = `menu_item_types`.`id`))) left join `duo_menu_item_type_fields` `menu_item_type_fields` on(((`menu_item_type_fields`.`item_id` = `menu_items`.`id`) and (`menu_item_type_fields`.`type_id` = `menu_items`.`type_id`)))) where (`menu_items`.`visible` = 1);

-- 2017-07-25 13:18:22
